название,описание,цена,картинка
Ноутбук Sony Vaio VPC-YB2L1R AMD Fusion E-350 2GB DDR3 320GB HDD серебристый,"



        
	Процессор: E-350
	Частота процессора: 1600 МГц
	Объем жесткого диска: 320 ГБ
	Диагональ экрана: 11.6 ""
	Видеокарта: ATI Radeon HD 6310M
	Вес: 1.46 кг
	Оптический привод: DVD нет
	Bluetooth: есть
	Wi-Fi: есть

            ",20090 сом,https://www.kivano.kg/images/product/68352/1622355077_67139000.png
Ноутбук Lenovo Ideapad 3 15ITL05 Intel Core i5-1135G7 8GB DDR 256GB SSD Intel Iris Xe Graphics DOS серый,"



        Тип: ноутбук; Операционная система: DOS; Процессор: Intel Core i5-1135G7; Разрешение экрана: 1920x1080 Full HD; Видеоконтроллер: Intel Iris Xe Graphics; Объем оперативной памяти: 8 Gb DDR; Объем накопителя SSD: 256 Gb; Вес: от 1.7 кг            ",50010 сом,https://www.kivano.kg/images/product/107776/1655893965_21630200.png
Ноутбук Lenovo Ideapad 3 Intel Core i5-10210U 8GB DDR 128GB SSD NVidia MX330 2GB FHD DOS серый,"



        Тип: ноутбук; Операционная система: DOS; Процессор: Intel Core i5-10210U; Разрешение экрана: 1920x1080 Full HD; Графический контроллер: Nvidia MX330; Объем оперативной памяти: 8 GB DDR4; Объем накопителя SSD: 128 GB; Вес: от 1.85 кг            ",57450 сом,https://www.kivano.kg/images/product/102145/1641270001_36821200.jpg
Ноутбук Lenovo Ideapad 3 15ITL05 Intel Core i5-1135G7 8GB DDR 512GB SSD Intel Iris Xe Graphics DOS серый,"



        Тип: ноутбук; Операционная система: DOS; Процессор: Intel Core i5-1135G7; Разрешение экрана: 1920x1080 Full HD; Видеоконтроллер: Intel Iris Xe Graphics; Объем оперативной памяти: 8 Gb DDR; Объем накопителя SSD: 512 Gb; Вес: от 1.7 кг            ",52640 сом,https://www.kivano.kg/images/product/107777/1655894046_10275200.png
Ноутбук Lenovo Ideapad 3 Intel Core i5-10210U 8GB DDR 1000GB HDD + 128GB SSD NVidia MX330 2GB FHD DOS серый,"



        Тип: ноутбук; Операционная система: DOS; Процессор: Intel Core i5-10210U; Разрешение экрана: 1920x1080 Full HD; Графический контроллер: Nvidia MX330; Объем оперативной памяти: 8 GB DDR4; Объем накопителя HDD: 1000; Объем накопителя SSD: 128 GB; Вес: от 1.85 кг            ",60950 сом,https://www.kivano.kg/images/product/102147/1641270173_94246400.jpg
Ноутбук Lenovo Yoga Slim 7 15ITL05 Core i7-1165G7 16GB DDR 128GB SSD Intel Iris Xe Graphics FHD DOS серый,"



        Тип: ноутбук; Операционная система: DOS; Процессор: Intel Core i7-1165G; Разрешение экрана: 1920x1080 Full HD; Графический контроллер: Intel Iris Xe Graphic; Объем оперативной памяти: 16 Gb DDR; Объем накопителя SSD: 128 Gb; Вес: от 1.68 кг            ",93260 сом,https://www.kivano.kg/images/product/102659/1642586619_67085600.jpg
Ноутбук Lenovo Yoga Slim 7 15ITL05 Core i7-1165G7 16GB DDR 256GB SSD Intel Iris Xe Graphics FHD DOS серый,"



        Тип: ноутбук; Операционная система: DOS; Процессор: Intel Core i7-1165G; Разрешение экрана: 1920x1080 Full HD; Графический контроллер: Intel Iris Xe Graphic; Объем оперативной памяти: 16 Gb DDR; Объем накопителя SSD: 256 Gb; Вес: от 1.68 кг            ",94140 сом,https://www.kivano.kg/images/product/102660/1642586710_07352400.jpg
Ноутбук MSI GF65 Thin Intel Core i5-10500H 8GB DDR4 512GB SSD Nvidia RTX 3060 6GB FHD W10 черный,"



        Тип: ноутбук; Операционная система: Windows 10; Процессор: Intel Core i5-10500H; Разрешение экрана: 1920x1080 Full HD; Графический контроллер: Nvidia RTX 3060; Объем оперативной памяти: 8 Gb DDR; Объем накопителя SSD: 512 Gb; Вес: от 1.86 кг            ",117490 сом,https://www.kivano.kg/images/product/105220/1649411594_80493100.jpg
Ноутбук Lenovo Ideapad 3 Intel Core i5-10210U 8GB DDR 1000GB HDD + 256GB SSD NVidia MX330 2GB FHD DOS серый,"



        Тип: ноутбук; Операционная система: DOS; Процессор: Intel Core i5-10210U; Разрешение экрана: 1920x1080 Full HD; Графический контроллер: Nvidia MX330; Объем оперативной памяти: 8 GB DDR4; Объем накопителя HDD: 1000; Объем накопителя SSD: 256 GB; Вес: от 1.85 кг            ",62700 сом,https://www.kivano.kg/images/product/102149/1641270382_24545500.jpg
Ноутбук Samsung Chromebook Plus Intel Celeron 3965Y 4GB DDR 32GB eMMC Intel HD Graphics 615 FHD Chrome OS серебристый,"



        Тип: ноутбук; Операционная система: Chrome OS; Процессор: Intel Celeron 3965Y; Разрешение экрана: 1920x1080 Full HD; Графический контроллер: Intel HD Graphics 615; Объем оперативной памяти: 4 Gb DDR3; Объем накопителя eMMC: 32 Gb; Вес: от 1.33 кг            ",30710 сом,https://www.kivano.kg/images/product/105221/1649412505_45316300.jpg
Ноутбук Asus X515MA Intel Celeron N4120 8GB DDR4 240GB SSD W10 Grey,"



        Операционная система Windows 10; 4х-ядерный процессор 1.1 ГГц; видеоадаптер встроенный; диагональ экрана 15.6"" TN 1366x768; объем оперативной памяти 8 Гб; накопитель SSD 240 Гб; DVDRW нет; вес от 1.8 кг            ",36680 сом,https://www.kivano.kg/images/product/92679/1621497953_77010600.png
Ноутбук Acer Aspire A315-57G Intel Core i3-1005G1 4GB DDR4 240GB SSD NVIDIA MX330 DOS Black,"



        Операционная система DOS; процессор Intel Core i3 (2/4) 1200 MHz; видеоадаптер Nvidia MX330 2 GB GDDR5; экран 15.6"" TN 1366x768; оперативная память 4 GB DDR4; накопитель SSD 240 GB; DVDRW...            ",45630 сом,https://www.kivano.kg/images/product/93959/1623262933_92709900.jpg
Ноутбук Lenovo Ideapad 3 Intel Core i5-10210U 8GB DDR 1000GB HDD + 512GB SSD NVidia MX330 2GB FHD DOS серый,"



        Тип: ноутбук; Операционная система: DOS; Процессор: Intel Core i5-10210U; Разрешение экрана: 1920x1080 Full HD; Графический контроллер: Nvidia MX330; Объем оперативной памяти: 8 GB DDR4; Объем накопителя HDD: 1000; Объем накопителя SSD: 512 GB; Вес: от 1.85 кг            ",66200 сом,https://www.kivano.kg/images/product/102151/1641270567_61666300.jpg
Ноутбук Acer Aspire A315-57G Intel Core i3-1005G1 8GB DDR4 240GB SSD NVIDIA MX330 DOS Black,"



        Операционная система DOS; процессор Intel Core i3 (2/4) 1200 MHz; видеоадаптер Nvidia MX330 2 GB GDDR5; экран 15.6"" TN 1366x768; оперативная память 8 GB DDR4; накопитель SSD 240 GB; DVDRW...            ",47560 сом,https://www.kivano.kg/images/product/93960/1623263004_84115500.jpg
Ноутбук Acer Aspire A315-57G Intel Core i7-1065G7 12GB DDR4 512GB SSD NVIDIA MX330 FHD DOS Black,"



        Операционная система DOS; процессор Intel Core i7 (4/8) 1300 MHz; видеоадаптер NVIDIA MX330 2GB GDDR5; экран 15.6"" TN 1920x1080; оперативная память 12 GB DDR4; накопитель SSD 512 GB; DVDRW нет;...            ",69260 сом,https://www.kivano.kg/images/product/104968/1648664898_47302400.jpg
Ноутбук Lenovo Ideapad 3 Intel Core i5-10210U 8GB DDR 1000GB HDD NVidia MX330 2GB FHD DOS серый,"



        Тип: ноутбук; Операционная система: DOS; Процессор: Intel Core i5-10210U; Разрешение экрана: 1920x1080 Full HD; Графический контроллер: Nvidia MX330; Объем оперативной памяти: 8 GB DDR4; Объем накопителя HDD: 1000; Вес: от 1.85 кг            ",57450 сом,https://www.kivano.kg/images/product/102153/1641272134_01449300.jpg
Ноутбук Acer Aspire A315-57G Intel Core i7-1065G7 12GB DDR4 128GB SSD NVIDIA MX330 FHD DOS Black,"



        Операционная система DOS; процессор Intel Core i7 (4/8) 1300 MHz; видеоадаптер NVIDIA MX330 2GB GDDR5; экран 15.6"" TN 1920x1080; оперативная память 12 GB DDR4; накопитель SSD 128 GB; DVDRW нет;...            ",66200 сом,https://www.kivano.kg/images/product/104969/1648664907_21301300.jpg
Ноутбук Lenovo Ideapad S145 AMD Ryzen 3 3200U 4GB DDR4 500GB HDD DOS Black,"



        Операционная система DOS; процессор AMD Ryzen 3 3200U (2/4) 2600 - 3500 MHz; видеоадаптер Radeon Vega; экран 15.6"" TN 1366x768; оперативная память 4 GB DDR4; накопитель HDD 500 GB; DVDRW...            ",34670 сом,https://www.kivano.kg/images/product/104970/1648666662_11396700.jpg
Ноутбук Lenovo Ideapad 3 Intel Core i5-10210U 8GB DDR 256GB SSD NVidia MX330 2GB FHD DOS серый,"



        Тип: ноутбук; Операционная система: DOS; Процессор: Intel Core i5-10210U; Разрешение экрана: 1920x1080 Full HD; Графический контроллер: Nvidia MX330; Объем оперативной памяти: 8 GB DDR4; Объем накопителя SSD: 256 GB; Вес: от 1.85 кг            ",58330 сом,https://www.kivano.kg/images/product/102155/1641272323_33397000.jpg
Ноутбук Lenovo Ideapad S145 AMD Ryzen 3 3200U 8GB DDR4 500GB HDD DOS Black,"



        Операционная система DOS; процессор AMD Ryzen 3 3200U (2/4) 2600 - 3500 MHz; видеоадаптер Radeon Vega; экран 15.6"" TN 1366x768; оперативная память 8 GB DDR4; накопитель HDD 500 GB; DVDRW...            ",36420 сом,https://www.kivano.kg/images/product/104971/1648666631_26360700.jpg
Ноутбук MSI GP66 Leopard Intel Core i7-11800H 16GB DDR4 512GB SSD NVIDIA RTX3080 FHD W10 Black,"



        Операционная система Windows 10; процессор Intel Core i7-11800H (8/16) 2300-4600 MHz; оперативная память 16 GB DDR4; накопитель 512 GB SSD; экран 15.6"" IPS 1920x1080~144 Hz; видеоадаптер NVIDIA RTX 3080            ",202690 сом,https://www.kivano.kg/images/product/106763/1653023098_49220200.jpg
Ноутбук Lenovo Ideapad S145 AMD Ryzen 3 3200U 8GB DDR4 1000GB HDD DOS Black,"



        Операционная система DOS; процессор AMD Ryzen 3 3200U (2/4) 2600 - 3500 MHz; видеоадаптер Radeon Vega; экран 15.6"" TN 1366x768; оперативная память 8 GB DDR4; накопитель HDD 1000 GB; DVDRW...            ",36600 сом,https://www.kivano.kg/images/product/104972/1648667953_26645900.jpg
Ноутбук Acer Aspire A315-57G Intel Core i3-1005G1 4GB DDR4 240GB SSD NVIDIA MX330 FHD DOS Black,"



        Операционная система DOS; процессор Intel Core i3 (2/4) 1200 MHz; видеоадаптер Nvidia MX330 2 GB GDDR5; экран 15.6"" TN 1920x1080; оперативная память 4 GB DDR4; накопитель SSD 240 GB; DVDRW...            ",46070 сом,https://www.kivano.kg/images/product/93965/1623263295_52606600.jpg
Ноутбук Lenovo Ideapad 3 Intel Core i5-10210U 8GB DDR 512GB SSD NVidia MX330 2GB FHD DOS серый,"



        Тип: ноутбук; Операционная система: DOS; Процессор: Intel Core i5-10210U; Разрешение экрана: 1920x1080 Full HD; Графический контроллер: Nvidia MX330; Объем оперативной памяти: 8 GB DDR4; Объем накопителя SSD: 512 GB; Вес: от 1.85 кг            ",61830 сом,https://www.kivano.kg/images/product/102157/1641272525_37853700.jpg
Ноутбук Lenovo Ideapad S145 AMD Ryzen 3 3200U 4GB DDR4 128GB SSD DOS Black,"



        Операционная система DOS; процессор AMD Ryzen 3 3200U (2/4) 2600 - 3500 MHz; видеоадаптер Radeon Vega; экран 15.6"" TN 1366x768; оперативная память 4 GB DDR4; накопитель SSD 128 GB; DVDRW...            ",34670 сом,https://www.kivano.kg/images/product/104973/1648667966_84581400.jpg
Ноутбук Acer Aspire A315-57G Intel Core i3-1005G1 8GB DDR4 240GB SSD NVIDIA MX330 FHD DOS Black,"



        Операционная система DOS; процессор Intel Core i3 (2/4) 1200 MHz; видеоадаптер Nvidia MX330 2 GB GDDR5; экран 15.6"" TN 1920x1080; оперативная память 8 GB DDR4; накопитель SSD 240 GB; DVDRW...            ",48260 сом,https://www.kivano.kg/images/product/93966/1623263435_12097200.jpg
Ноутбук Lenovo Ideapad S145 AMD Ryzen 3 3200U 8GB DDR4 128GB SSD DOS Black,"



        Операционная система DOS; процессор AMD Ryzen 3 3200U (2/4) 2600 - 3500 MHz; видеоадаптер Radeon Vega; экран 15.6"" TN 1366x768; оперативная память 8 GB DDR4; накопитель SSD 128 GB; DVDRW...            ",36420 сом,https://www.kivano.kg/images/product/104974/1648667980_11199800.jpg
Ноутбук Lenovo Ideapad S145 AMD Ryzen 3 3200U 4GB DDR4 256GB SSD DOS Black,"



        Операционная система DOS; процессор AMD Ryzen 3 3200U (2/4) 2600 - 3500 MHz; видеоадаптер Radeon Vega; экран 15.6"" TN 1366x768; оперативная память 4 GB DDR4; накопитель SSD 256 GB; DVDRW...            ",35540 сом,https://www.kivano.kg/images/product/104975/1648667990_26060800.jpg
Ноутбук Lenovo Ideapad L3 15ITL6 Intel Pentium Gold 7505 4GB DDR 128GB SSD Intel UHD Graphics FHD DOS серебристый,"



        Тип: ноутбук; Операционная система: DOS; Процессор: Intel Pentium Gold 7505; Разрешение экрана: 1920х1080 Full HD; Графический контроллер: Intel HD Graphics 620; Объем оперативной памяти: 4 GB DDR; Объем накопителя SSD: 128 GB; Вес: от 2.2...            ",32470 сом,https://www.kivano.kg/images/product/102160/1641273246_54477700.jpg
Ноутбук Lenovo Ideapad S145 AMD Ryzen 3 3200U 8GB DDR4 256GB SSD DOS Black,"



        Операционная система DOS; процессор AMD Ryzen 3 3200U (2/4) 2600 - 3500 MHz; видеоадаптер Radeon Vega; экран 15.6"" TN 1366x768; оперативная память 8 GB DDR4; накопитель SSD 256 GB; DVDRW...            ",37310 сом,https://www.kivano.kg/images/product/104976/1648668003_61997100.jpg
Ноутбук Acer Travelmate B1 TMB118-M Intel Celeron N4120 4GB DDR4 64GB EMMC DOS Black,"



        Операционная система DOS; 2х-ядерный процессор 1.1 ГГц; видеоадаптер встроенный; диагональ экрана 11.6"" TN 1366х768; объем оперативной памяти 4 Гб; накопитель eMMC 64 Гб; вес от 1.52 кг            ",23230 сом,https://www.kivano.kg/images/product/89617/1614854895_76080400.jpg
Ноутбук Lenovo Ideapad L3 15ITL6 Intel Pentium Gold 7505 8GB DDR 128GB SSD Intel UHD Graphics FHD DOS серебристый,"



        Тип: ноутбук; Операционная система: DOS; Процессор: Intel Pentium Gold 7505; Разрешение экрана: 1920х1080 Full HD; Графический контроллер: Intel HD Graphics 620; Объем оперативной памяти: 8 GB DDR; Объем накопителя SSD: 128 GB; Вес: от 2.2...            ",34230 сом,https://www.kivano.kg/images/product/102161/1641273536_67941100.jpg
Ноутбук Lenovo Ideapad S145 AMD Ryzen 3 3200U 8GB DDR4 512GB SSD DOS Black,"



        Операционная система DOS; процессор AMD Ryzen 3 3200U (2/4) 2600 - 3500 MHz; видеоадаптер Radeon Vega; экран 15.6"" TN 1366x768; оперативная память 8 GB DDR4; накопитель SSD 512 GB; DVDRW...            ",39060 сом,https://www.kivano.kg/images/product/104977/1648668014_31252100.jpg
Ноутбук Acer Aspire A315-56 Intel Core i3-1005G1 4GB DDR4 240GB SSD Intel HD Graphics HD DOS Black,"



        Тип: ноутбук; Операционная система: DOS; Процессор: Intel Core i3-1005G1; Разрешение экрана: 1366x768 HD; Графический контроллер: Intel UHD Graphics; Объем оперативной памяти: 4 Gb DDR4; Объем накопителя SSD: 240 Gb; Вес: от 1.9 кг            ",38440 сом,https://www.kivano.kg/images/product/97298/1630900891_88049400.jpg
Ноутбук Lenovo Ideapad S145 AMD Ryzen 3 3200U 4GB DDR4 500GB HDD + 128GB SSD DOS Black,"



        Операционная система DOS; процессор AMD Ryzen 3 3200U (2/4) 2600 - 3500 MHz; видеоадаптер Radeon Vega; экран 15.6"" TN 1366x768; оперативная память 4 GB DDR4; накопитель HDD 500GB + SSD...            ",36420 сом,https://www.kivano.kg/images/product/104978/1648669591_41651300.jpg
Ноутбук Lenovo Ideapad L3 15ITL6 Intel Pentium Gold 7505 8GB DDR 1000GB HDD + 512GB SSD Intel UHD Graphics FHD DOS серебристый,"



        Тип: ноутбук; Операционная система: DOS; Процессор: Intel Pentium Gold 7505; Разрешение экрана: 1920х1080 Full HD; Графический контроллер: Intel HD Graphics 620; Объем оперативной памяти: 8 GB DDR; Объем накопителя HDD: 1000 GB;  Объем накопителя SSD: 512 GB;...            ",39930 сом,https://www.kivano.kg/images/product/102163/1641273807_27059000.jpg
Ноутбук Lenovo Ideapad S145 AMD Ryzen 3 3200U 8GB DDR4 500GB HDD + 128GB SSD DOS Black,"



        Операционная система DOS; процессор AMD Ryzen 3 3200U (2/4) 2600 - 3500 MHz; видеоадаптер Radeon Vega; экран 15.6"" TN 1366x768; оперативная память 8 GB DDR4; накопитель HDD 500GB + SSD...            ",38180 сом,https://www.kivano.kg/images/product/104979/1648669604_91586100.jpg
Ноутбук Lenovo Ideapad L3 15ITL6 Intel Pentium Gold 7505 4GB DDR 256GB SSD Intel UHD Graphics FHD DOS серебристый,"



        Тип: ноутбук; Операционная система: DOS; Процессор: Intel Pentium Gold 7505; Разрешение экрана: 1920х1080 Full HD; Графический контроллер: Intel HD Graphics 620; Объем оперативной памяти: 4 GB DDR; Объем накопителя SSD: 256 GB; Вес: от 2.2...            ",31590 сом,https://www.kivano.kg/images/product/102164/1641274079_14564900.jpg
Ноутбук Lenovo Ideapad S145 AMD Ryzen 3 3200U 4GB DDR4 500GB HDD + 256GB SSD DOS Black,"



        Операционная система DOS; процессор AMD Ryzen 3 3200U (2/4) 2600 - 3500 MHz; видеоадаптер Radeon Vega; экран 15.6"" TN 1366x768; оперативная память 4 GB DDR4; накопитель HDD 500GB + SSD...            ",37310 сом,https://www.kivano.kg/images/product/104980/1648669614_45502100.jpg
Ноутбук Lenovo Ideapad L3 15ITL6 Intel Pentium Gold 7505 4GB DDR 500GB HDD Intel UHD Graphics FHD DOS серебристый,"



        Тип: ноутбук; Операционная система: DOS; Процессор: Intel Pentium Gold 7505; Разрешение экрана: 1920х1080 Full HD; Графический контроллер: Intel HD Graphics 620; Объем оперативной памяти: 4 GB DDR; Объем накопителя HDD: 500 GB; Вес: от 2.2 кг            ",32650 сом,https://www.kivano.kg/images/product/102165/1641274178_25993500.jpg
Ноутбук Lenovo Ideapad S145 AMD Ryzen 3 3200U 8GB DDR4 500GB HDD + 256GB SSD DOS Black,"



        Операционная система DOS; процессор AMD Ryzen 3 3200U (2/4) 2600 - 3500 MHz; видеоадаптер Radeon Vega; экран 15.6"" TN 1366x768; оперативная память 8 GB DDR4; накопитель HDD 500GB + SSD...            ",39060 сом,https://www.kivano.kg/images/product/104981/1648669624_39718700.jpg
Ноутбук Asus X409FA Intel Core i3-10110U 12GB DDR4 240GB SSD DOS Slate Gray,"



        Операционная система DOS; процессор Intel Core i3-10110U (2/4) 2100-4100 MHz; оперативная память 12GB DDR4; накопитель 240GB SSD; экран 14"" TN 1366x768; видеоадаптер Intel Graphics            ",40990 сом,https://www.kivano.kg/images/product/107029/1653628345_38249100.jpg
Ноутбук Acer Aspire 3 A315-34-C1JW Intel Celeron N4000 4GB DDR4 1000GB HDD FHD DOS черный,"



        Операционная система DOS; процессор Intel Celeron N4000; видеоадаптер встроенный; диагональ экрана 15.6"" TFT LCD; оперативная память 4 Гб; накопитель HDD 1000 Гб; вес от 1.94 кг            ",26310 сом,https://www.kivano.kg/images/product/79126/1653625422_63248200.jpg
Ноутбук Lenovo Ideapad L3 15ITL6 Intel Pentium Gold 7505 8GB DDR 256GB SSD Intel UHD Graphics FHD DOS серебристый,"



        Тип: ноутбук; Операционная система: DOS; Процессор: Intel Pentium Gold 7505; Разрешение экрана: 1920х1080 Full HD; Графический контроллер: Intel HD Graphics 620; Объем оперативной памяти: 8 GB DDR; Объем накопителя SSD: 256 GB; Вес: от 2.2...            ",33350 сом,https://www.kivano.kg/images/product/102166/1641274359_54529900.jpg
Ноутбук Lenovo Ideapad S145 AMD Ryzen 3 3200U 4GB DDR4 1000GB HDD + 128GB SSD DOS Black,"



        Операционная система DOS; процессор AMD Ryzen 3 3200U (2/4) 2600 - 3500 MHz; видеоадаптер Radeon Vega; экран 15.6"" TN 1366x768; оперативная память 4 GB DDR4; накопитель HDD 1000GB + SSD...            ",36600 сом,https://www.kivano.kg/images/product/104982/1648669634_22596200.jpg
Ноутбук Lenovo Ideapad L3 15ITL6 Intel Pentium Gold 7505 8GB DDR 500GB HDD Intel UHD Graphics FHD DOS серебристый,"



        Тип: ноутбук; Операционная система: DOS; Процессор: Intel Pentium Gold 7505; Разрешение экрана: 1920х1080 Full HD; Графический контроллер: Intel HD Graphics 620; Объем оперативной памяти: 8 GB DDR; Объем накопителя HDD: 500 GB; Вес: от 2.2 кг            ",34400 сом,https://www.kivano.kg/images/product/102167/1641274511_21649800.jpg
Ноутбук Lenovo Ideapad S145 AMD Ryzen 3 3200U 8GB DDR4 1000GB HDD + 128GB SSD DOS Black,"



        Операционная система DOS; процессор AMD Ryzen 3 3200U (2/4) 2600 - 3500 MHz; видеоадаптер Radeon Vega; экран 15.6"" TN 1366x768; оперативная память 8 GB DDR4; накопитель HDD 1000GB + SSD...            ",38350 сом,https://www.kivano.kg/images/product/104983/1648669644_23780800.jpg
Ноутбук Acer Aspire A115-32-C44C Intel Celeron N4500 8GB DDR4 1000GB HDD + 128GB EMMC FHD W10 Electric Blue,"



        Операционная система Windows 10; процессор Intel Celeron N4500 (2/2) 1100-2800 MHz; оперативная память 8 GB DDR4; накопитель 1000 GB HDD + 128 GB EMMC; экран 15.6"" IPS 1920x1080; видеоадаптер Intel...            ",38000 сом,https://www.kivano.kg/images/product/106775/1653025991_22737300.jpg
Ноутбук HP 250 G7 Intel Core i5-1035G1 4GB DRR4 256GB SSD NVIDIA MX110 FHD DOS Gray,"



        Операционная система DOS; процессор Intel Core i5-1035G1 (4/8) 1000-3600 MHz; оперативная память 4GB DDR4; накопитель 256GB SSD; экран 15.6"" TN 1920x1080; видеоадаптер NVIDIA MX110            ",59640 сом,https://www.kivano.kg/images/product/107031/1653634515_45497500.jpg
Ноутбук Acer Extensa EX215-52-38SC Intel Core i3-1005G1 4GB DDR4 1000GB HDD FHD DOS Black,"



        Операционная система DOS; процессор Intel Core i3-1005G1 (2/4) 1200-3400 MHz; оперативная память 4GB DDR4; накопитель 1000GB HDD; экран 15.6"" TN 1920x1080; видеоадаптер Intel Graphics             ",35460 сом,https://www.kivano.kg/images/product/107543/1655373720_22599400.jpg
Ноутбук Acer Extensa EX214 Intel Core i5-1135G7 16GB DDR 1000GB HDD + 128GB SSD Intel Iris Xe Graphics FHD DOS серый,"



        Тип: ноутбук; Операционная система: DOS; Процессор: Intel Core i5-1135G7; Разрешение экрана: 1920x1080 Full HD; Видеоконтроллер: Intel Iris Xe Graphics; Объем оперативной памяти: 16 Gb DDR; Объем накопителя HDD: 1000 Gb; Объем накопителя SSD: 128 Gb; Вес: от 1.7...            ",60520 сом,https://www.kivano.kg/images/product/107799/1655973262_55220300.jpg
Ноутбук Lenovo Ideapad S145 AMD Ryzen 3 3200U 12GB DDR4 1000GB HDD + 128GB SSD DOS Black,"



        Операционная система DOS; процессор AMD Ryzen 3 3200U (2/4) 2600 - 3500 MHz; видеоадаптер Radeon Vega; экран 15.6"" TN 1366x768; оперативная память 12 GB DDR4; накопитель HDD 1000GB + SSD...            ",40110 сом,https://www.kivano.kg/images/product/104984/1648669655_36534100.jpg
Ноутбук HP Victus 16-e0043ur AMD Ryzen 5 5600H 8GB DDR4 512GB SSD NVIDIA GTX1650 FHD DOS Black,"



        Операционная система DOS; процессор AMD Ryzen 5 5600H (6/12) 3300-4200 MHz; оперативная память 8GB DDR4; накопитель 512 GB SSD; экран 16.1"" IPS 1920x1080~144Hz; видеоадаптер NVIDIA GTX1650            ",77120 сом,https://www.kivano.kg/images/product/107032/1653635647_00462300.jpg
Ноутбук Acer Extensa EX215-52-38SC Intel Core i3-1005G1 8GB DDR4 1000GB HDD FHD DOS Black,"



        Операционная система DOS; процессор Intel Core i3-1005G1 (2/4) 1200-3400 MHz; оперативная память 8GB DDR4; накопитель 1000GB HDD; экран 15.6"" TN 1920x1080; видеоадаптер Intel Graphics             ",36950 сом,https://www.kivano.kg/images/product/107544/1655373739_05575900.jpg
Ноутбук Acer Extensa EX214 Intel Core i5-1135G7 16GB DDR 500GB HDD + 128GB SSD Intel Iris Xe Graphics FHD DOS серый,"



        Тип: ноутбук; Операционная система: DOS; Процессор: Intel Core i5-1135G7; Разрешение экрана: 1920x1080 Full HD; Видеоконтроллер: Intel Iris Xe Graphics; Объем оперативной памяти: 16 Gb DDR; Объем накопителя HDD: 500 Gb; Объем накопителя SSD: 128 Gb; Вес: от 1.7...            ",59820 сом,https://www.kivano.kg/images/product/107800/1655973866_76157600.jpg
Ноутбук Lenovo Ideapad L3-15ITL6 Intel Celeron 6305 4GB DDR 256GB SSD Intel HD Graphics FHD DOS серый,"



        Тип: ноутбук; Операционная система: DOS; Процессор: Intel Celeron 6305; Разрешение экрана: 1920х1080 Full HD; Графический контроллер: Intel HD Graphics; Объем оперативной памяти: 4 GB DDR; Объем накопителя SSD: 256 GB; Вес: от 2.2 кг            ",29830 сом,https://www.kivano.kg/images/product/102169/1641274894_61032700.jpg
Ноутбук Lenovo Ideapad S145 AMD Ryzen 3 3200U 4GB DDR4 1000GB HDD + 256GB SSD DOS Black,"



        Операционная система DOS; процессор AMD Ryzen 3 3200U (2/4) 2600 - 3500 MHz; видеоадаптер Radeon Vega; экран 15.6"" TN 1366x768; оперативная память 4 GB DDR4; накопитель HDD 1000GB + SSD...            ",37480 сом,https://www.kivano.kg/images/product/104985/1648669665_16624100.jpg
Ноутбук HP Victus 16-e0043ur AMD Ryzen 5 5600H 16GB DDR4 512GB SSD NVIDIA GTX1650 FHD DOS Black,"



        Операционная система DOS; процессор AMD Ryzen 5 5600H (6/12) 3300-4200 MHz; оперативная память 16GB DDR4; накопитель 512 GB SSD; экран 16.1"" IPS 1920x1080~144Hz; видеоадаптер NVIDIA GTX1650            ",79300 сом,https://www.kivano.kg/images/product/107033/1653635674_38524800.jpg
Ноутбук Acer Extensa EX214 Intel Core i5-1135G7 16GB DDR 128GB SSD Intel Iris Xe Graphics FHD DOS серый,"



        Тип: ноутбук; Операционная система: DOS; Процессор: Intel Core i5-1135G7; Разрешение экрана: 1920x1080 Full HD; Видеоконтроллер: Intel Iris Xe Graphics; Объем оперативной памяти: 16 Gb DDR; Объем накопителя SSD: 128 Gb; Вес: от 1.7 кг            ",58330 сом,https://www.kivano.kg/images/product/107801/1655973998_59420500.jpg
Ноутбук Lenovo Ideapad L3-15ITL6 Intel Celeron 6305 4GB DDR 1000GB HDD Intel HD Graphics FHD DOS серый,"



        Тип: ноутбук; Операционная система: DOS; Процессор: Intel Celeron 6305; Разрешение экрана: 1920х1080 Full HD; Графический контроллер: Intel HD Graphics; Объем оперативной памяти: 4 GB DDR; Объем накопителя HDD: 1000 GB; Вес: от 2.2 кг            ",28510 сом,https://www.kivano.kg/images/product/102170/1641274990_49281900.jpg
Ноутбук Lenovo Ideapad S145 AMD Ryzen 3 3200U 8GB DDR4 1000GB HDD + 256GB SSD DOS Black,"



        Операционная система DOS; процессор AMD Ryzen 3 3200U (2/4) 2600 - 3500 MHz; видеоадаптер Radeon Vega; экран 15.6"" TN 1366x768; оперативная память 8 GB DDR4; накопитель HDD 1000GB + SSD...            ",39230 сом,https://www.kivano.kg/images/product/104986/1648669674_42294000.jpg
Ноутбук HP Victus 16-e0043ur AMD Ryzen 5 5600H 32GB DDR4 512GB SSD NVIDIA GTX1650 FHD DOS Black,"



        Операционная система DOS; процессор AMD Ryzen 5 5600H (6/12) 3300-4200 MHz; оперативная память 32GB DDR4; накопитель 512 GB SSD; экран 16.1"" IPS 1920x1080~144Hz; видеоадаптер NVIDIA GTX1650            ",85850 сом,https://www.kivano.kg/images/product/107034/1653635692_98541600.jpg
Ноутбук Acer Extensa EX214 Intel Core i5-1135G7 16GB DDR 1000GB HDD + 256GB SSD Intel Iris Xe Graphics FHD DOS серый,"



        Тип: ноутбук; Операционная система: DOS; Процессор: Intel Core i5-1135G7; Разрешение экрана: 1920x1080 Full HD; Видеоконтроллер: Intel Iris Xe Graphics; Объем оперативной памяти: 16 Gb DDR; Объем накопителя HDD: 1000 Gb; Объем накопителя SSD: 256 Gb; Вес: от 1.7...            ",61830 сом,https://www.kivano.kg/images/product/107802/1655974108_69998600.jpg
Ноутбук Lenovo Ideapad S145 AMD Ryzen 3 3200U 12GB DDR4 1000GB HDD + 256GB SSD DOS Black,"



        Операционная система DOS; процессор AMD Ryzen 3 3200U (2/4) 2600 - 3500 MHz; видеоадаптер Radeon Vega; экран 15.6"" TN 1366x768; оперативная память 12 GB DDR4; накопитель HDD 1000GB + SSD...            ",43000 сом,https://www.kivano.kg/images/product/104987/1648669684_69834900.jpg
Ноутбук MSI GF63 Thin 10sc-222us Intel Core i5-10500H 16GB DDR4 512GB SSD NVIDIA GTX1650 FHD W10 Black,"



        Операционная система Windows 10 (Английская версия); процессор Intel Core i5-10500H (6/12) 2500-4500 MHz; оперативная память 16GB DDR4; накопитель 512GB SSD; экран 15.6"" IPS 1920x1080; видеоадаптер NVIDIA GTX1650            ",74060 сом,https://www.kivano.kg/images/product/107035/1653636703_12875800.jpg
Ноутбук Acer Extensa EX214 Intel Core i5-1135G7 16GB DDR 500GB HDD + 256GB SSD Intel Iris Xe Graphics FHD DOS серый,"



        Тип: ноутбук; Операционная система: DOS; Процессор: Intel Core i5-1135G7; Разрешение экрана: 1920x1080 Full HD; Видеоконтроллер: Intel Iris Xe Graphics; Объем оперативной памяти: 16 Gb DDR; Объем накопителя HDD: 500 Gb; Объем накопителя SSD: 256 Gb; Вес: от 1.7...            ",61130 сом,https://www.kivano.kg/images/product/107803/1655974424_75829200.jpg
Ноутбук Lenovo Ideapad S145 AMD Ryzen 3 3200U 8GB DDR4 1000GB HDD + 512GB SSD DOS Black,"



        Операционная система DOS; процессор AMD Ryzen 3 3200U (2/4) 2600 - 3500 MHz; видеоадаптер Radeon Vega; экран 15.6"" TN 1366x768; оперативная память 8 GB DDR4; накопитель HDD 1000GB + SSD...            ",41250 сом,https://www.kivano.kg/images/product/104988/1648669697_88805500.jpg
Ноутбук MSI GF63 Thin 10sc-222us Intel Core i5-10500H 32GB DDR4 512GB SSD NVIDIA GTX1650 FHD W10 Black,"



        Операционная система Windows 10; процессор Intel Core i5-10500H (6/12) 2500-4500 MHz; оперативная память 32GB DDR4; накопитель 512GB SSD; экран 15.6"" IPS 1920x1080; видеоадаптер NVIDIA GTX1650            ",80700 сом,https://www.kivano.kg/images/product/107036/1653636940_37366500.jpg
Ноутбук Acer Extensa EX214 Intel Core i5-1135G7 16GB DDR 256GB SSD Intel Iris Xe Graphics FHD DOS серый,"



        Тип: ноутбук; Операционная система: DOS; Процессор: Intel Core i5-1135G7; Разрешение экрана: 1920x1080 Full HD; Видеоконтроллер: Intel Iris Xe Graphics; Объем оперативной памяти: 16 Gb DDR; Объем накопителя SSD: 256 Gb; Вес: от 1.7 кг            ",59640 сом,https://www.kivano.kg/images/product/107804/1655974523_58956100.jpg
Ноутбук Lenovo Ideapad L3-15ITL6 Intel Celeron 6305 8GB DDR 256GB SSD Intel HD Graphics FHD DOS серый,"



        Тип: ноутбук; Операционная система: DOS; Процессор: Intel Celeron 6305; Разрешение экрана: 1920х1080 Full HD; Графический контроллер: Intel HD Graphics; Объем оперативной памяти: 8 GB DDR; Объем накопителя SSD: 256 GB; Вес: от 2.2 кг            ",31240 сом,https://www.kivano.kg/images/product/102173/1641275425_86569600.jpg
Ноутбук Lenovo Ideapad 15ADA05 AMD Ryzen 3 3250U 4GB DDR4 500GB HDD DOS Black,"



        Операционная система DOS; процессор AMD Ryzen 3 3250U (2/4) 2600 - 3500 MHz; видеоадаптер Radeon Vega; экран 15.6"" TN 1366x768; оперативная память 4 GB DDR4; накопитель HDD 500 GB; DVDRW...            ",34670 сом,https://www.kivano.kg/images/product/104989/1648672848_66009700.jpg
Ноутбук Acer Extensa EX214 Intel Core i5-1135G7 16GB DDR 1000GB HDD + 512GB SSD Intel Iris Xe Graphics FHD W11 серый,"



        Тип: ноутбук; Операционная система: W11 ; Процессор: Intel Core i5-1135G7; Разрешение экрана: 1920x1080 Full HD; Видеоконтроллер: Intel Iris Xe Graphics; Объем оперативной памяти: 16 Gb DDR; Объем накопителя HDD: 1000 Gb; Объем накопителя SSD: 512 Gb; Вес: от 1.7...            ",64450 сом,https://www.kivano.kg/images/product/107805/1655974918_97147100.jpg
Ноутбук Lenovo Ideapad 15ADA05 AMD Ryzen 3 3250U 8GB DDR4 500GB HDD DOS Black,"



        Операционная система DOS; процессор AMD Ryzen 3 3250U (2/4) 2600 - 3500 MHz; видеоадаптер Radeon Vega; экран 15.6"" TN 1366x768; оперативная память 8 GB DDR4; накопитель HDD 500 GB; DVDRW...            ",36420 сом,https://www.kivano.kg/images/product/104990/1648672865_28166000.jpg
Ноутбук Acer Extensa EX215-52-38SC Intel Core i3-1005G1 4GB DDR4 1000GB HDD + 128GB SSD FHD DOS Black,"



        Операционная система DOS; процессор Intel Core i3-1005G1 (2/4) 1200-3400 MHz; оперативная память 4GB DDR4; накопитель 1000GB HDD + 128GB SSD; экран 15.6"" TN 1920x1080; видеоадаптер Intel Graphics             ",36770 сом,https://www.kivano.kg/images/product/107550/1655374604_24734800.jpg
Ноутбук Acer Extensa EX214 Intel Core i5-1135G7 16GB DDR 500GB HDD + 512GB SSD Intel Iris Xe Graphics FHD W11 серый,"



        Тип: ноутбук; Операционная система: W11 ; Процессор: Intel Core i5-1135G7; Разрешение экрана: 1920x1080 Full HD; Видеоконтроллер: Intel Iris Xe Graphics; Объем оперативной памяти: 16 Gb DDR; Объем накопителя HDD: 500 Gb; Объем накопителя SSD: 512 Gb; Вес: от 1.7...            ",63750 сом,https://www.kivano.kg/images/product/107806/1655975032_87916200.jpg
Ноутбук Acer A315-34 Intel Pentium N5030 4GB DDR4 500GB HDD DOS,"



        Операционная система DOS; процессор Intel Pentium (4/4) 1100 - 3100 MHz; видеоадаптер Intel Graphics; экран 15.6"" TN 1366x768; оперативная память 4 GB DDR4; накопитель HDD 500 GB; DVDRW нет; вес...            ",29830 сом,https://www.kivano.kg/images/product/97823/1631702188_65410100.jpg
Ноутбук HP 250 G8 Intel Core i3-1005G1 8GB DDR 256GB SSD Intel HD Graphics 620 FHD DOS серый,"



        Тип: ноутбук; Операционная система: DOS; Процессор: Intel Core i3-1005G1; Разрешение экрана: 1920 x 1080 Full HD; Графический контроллер: Intel HD Graphics 620; Объем оперативной памяти: 8 GB DDR; Объем накопителя SSD: 256 GB; Вес: от 1.74 кг
             ",46070 сом,https://www.kivano.kg/images/product/101407/1639731294_15440800.jpg
Ноутбук Lenovo Ideapad V14 Intel Celeron N4020 4GB DDR4 500GB HDD DOS Iron Gray,"



        Операционная система DOS; процессор Intel Celeron N4020 (2/2) 1100 - 2800 MHz; видеоадаптер Intel Graphics; экран 14"" TN 1366x768; оперативная память 4 GB DDR4; накопитель HDD 500 GB; DVDRW нет;...            ",24810 сом,https://www.kivano.kg/images/product/104479/1647666651_55322500.jpg
Ноутбук Lenovo Ideapad 15ADA05 AMD Ryzen 3 3250U 4GB DDR4 1000GB HDD DOS Black,"



        Операционная система DOS; процессор AMD Ryzen 3 3250U (2/4) 2600 - 3500 MHz; видеоадаптер Radeon Vega; экран 15.6"" TN 1366x768; оперативная память 4 GB DDR4; накопитель HDD 1000 GB; DVDRW...            ",34840 сом,https://www.kivano.kg/images/product/104991/1648672877_28719400.jpg
Ноутбук Acer Extensa EX215-52-38SC Intel Core i3-1005G1 8GB DDR4 1000GB HDD + 128GB SSD FHD DOS Black,"



        Операционная система DOS; процессор Intel Core i3-1005G1 (2/4) 1200-3400 MHz; оперативная память 8GB DDR4; накопитель 1000GB HDD + 128GB SSD; экран 15.6"" TN 1920x1080; видеоадаптер Intel Graphics             ",38270 сом,https://www.kivano.kg/images/product/107551/1655374628_29052600.jpg
Ноутбук Acer Extensa EX214 Intel Core i5-1135G7 16GB DDR 512GB SSD Intel Iris Xe Graphics FHD W11 серый,"



        Тип: ноутбук; Операционная система: W11; Процессор: Intel Core i5-1135G7; Разрешение экрана: 1920x1080 Full HD; Видеоконтроллер: Intel Iris Xe Graphics; Объем оперативной памяти: 16 Gb DDR;Объем накопителя SSD: 512 Gb; Вес: от 1.7 кг            ",62260 сом,https://www.kivano.kg/images/product/107807/1655975147_84238800.jpg
Ноутбук Acer A315-34 Intel Pentium N5030 8GB DDR4 500GB HDD DOS,"



        Операционная система DOS; процессор Intel Pentium (4/4) 1100 - 3100 MHz; видеоадаптер Intel Graphics; экран 15.6"" TN 1366x768; оперативная память 8 GB DDR4; накопитель HDD 500 GB; DVDRW нет; вес...            ",32120 сом,https://www.kivano.kg/images/product/97824/1631702201_07843100.jpg
Ноутбук Lenovo Ideapad V14 Intel Celeron N4020 4GB DDR4 1000GB HDD DOS Iron Gray,"



        Операционная система DOS; процессор Intel Celeron N4020 (2/2) 1100 - 2800 MHz; видеоадаптер Intel Graphics; экран 14"" TN 1366x768; оперативная память 4 GB DDR4; накопитель HDD 1000 GB; DVDRW нет;...            ",24990 сом,https://www.kivano.kg/images/product/104480/1647666676_05053000.jpg
Ноутбук Lenovo Ideapad 15ADA05 AMD Ryzen 3 3250U 8GB DDR4 1000GB HDD DOS Black,"



        Операционная система DOS; процессор AMD Ryzen 3 3250U (2/4) 2600 - 3500 MHz; видеоадаптер Radeon Vega; экран 15.6"" TN 1366x768; оперативная память 8 GB DDR4; накопитель HDD 1000 GB; DVDRW...            ",36600 сом,https://www.kivano.kg/images/product/104992/1648672886_84230600.jpg
Ноутбук Acer Extensa EX215-52-38SC Intel Core i3-1005G1 4GB DDR4 1000GB HDD + 256GB SSD FHD DOS Black,"



        Операционная система DOS; процессор Intel Core i3-1005G1 (2/4) 1200-3400 MHz; оперативная память 4GB DDR4; накопитель 1000GB HDD + 256GB SSD; экран 15.6"" TN 1920x1080; видеоадаптер Intel Graphics             ",37210 сом,https://www.kivano.kg/images/product/107552/1655374649_80963500.jpg
Ноутбук Acer Extensa EX214 Intel Core i5-1135G7 8GB DDR 1000GB HDD + 128GB SSD Intel Iris Xe Graphics FHD DOS серый,"



        Тип: ноутбук; Операционная система: DOS; Процессор: Intel Core i5-1135G7; Разрешение экрана: 1920x1080 Full HD; Видеоконтроллер: Intel Iris Xe Graphics; Объем оперативной памяти: 8 Gb DDR; Объем накопителя HDD: 1000 Gb; Объем накопителя SSD: 128 Gb; Вес: от 1.7...            ",57020 сом,https://www.kivano.kg/images/product/107808/1655975286_57110800.jpg
Ноутбук Acer A315-34 Intel Pentium N5030 4GB DDR4 1000GB HDD DOS,"



        Операционная система DOS; процессор Intel Pentium (4/4) 1100 - 3100 MHz; видеоадаптер Intel Graphics; экран 15.6"" TN 1366x768; оперативная память 4 GB DDR4; накопитель HDD 1000 GB; DVDRW нет; вес...            ",30270 сом,https://www.kivano.kg/images/product/97825/1631702211_53098300.jpg
Ноутбук Lenovo V14-82C2 Intel Celeron N4020 4GB DDR 1000GB HDD Intel UHD Graphics 620 HD DOS серый,"



        Тип: ноутбук; Операционная система: DOS; Процессор: Intel Celeron N4020; Разрешение экрана: 1366x768 HD;Графический контроллер: Intel UHD Graphics 620; Объем оперативной памяти: 4 GB DDR; Объем накопителя HDD: 1000 GB; Вес: от 1.6 кг            ",26750 сом,https://www.kivano.kg/images/product/101409/1639732488_89438800.png
Ноутбук Lenovo Ideapad V14 Intel Celeron N4020 4GB DDR4 128GB SSD DOS Iron Gray,"



        Операционная система DOS; процессор Intel Celeron N4020 (2/2) 1100 - 2800 MHz; видеоадаптер Intel Graphics; экран 14"" TN 1366x768; оперативная память 4 GB DDR4; накопитель SSD 128 GB; DVDRW нет;...            ",24810 сом,https://www.kivano.kg/images/product/104481/1647666698_68887100.jpg
Ноутбук Lenovo Ideapad 15ADA05 AMD Ryzen 3 3250U 4GB DDR4 500GB HDD + 128GB SSD DOS Black,"



        Операционная система DOS; процессор AMD Ryzen 3 3250U (2/4) 2600 - 3500 MHz; видеоадаптер Radeon Vega; экран 15.6"" TN 1366x768; оперативная память 4 GB DDR4; накопитель HDD 500 GB +...            ",36420 сом,https://www.kivano.kg/images/product/104993/1648672897_09542800.jpg
Ноутбук Acer Extensa EX215-52-38SC Intel Core i3-1005G1 8GB DDR4 1000GB HDD + 256GB SSD FHD DOS Black,"



        Операционная система DOS; процессор Intel Core i3-1005G1 (2/4) 1200-3400 MHz; оперативная память 8GB DDR4; накопитель 1000GB HDD + 256GB SSD; экран 15.6"" TN 1920x1080; видеоадаптер Intel Graphics             ",38700 сом,https://www.kivano.kg/images/product/107553/1655374673_08463000.jpg
Ноутбук Acer Extensa EX214 Intel Core i5-1135G7 8GB DDR 500GB HDD + 128GB SSD Intel Iris Xe Graphics FHD DOS серый,"



        Тип: ноутбук; Операционная система: DOS; Процессор: Intel Core i5-1135G7; Разрешение экрана: 1920x1080 Full HD; Видеоконтроллер: Intel Iris Xe Graphics; Объем оперативной памяти: 8 Gb DDR; Объем накопителя HDD: 500 Gb; Объем накопителя SSD: 128 Gb; Вес: от 1.7...            ",56320 сом,https://www.kivano.kg/images/product/107809/1655975404_56655200.jpg
Ноутбук Acer A315-34 Intel Pentium N5030 8GB DDR4 1000GB HDD DOS,"



        Операционная система DOS; процессор Intel Pentium (4/4) 1100 - 3100 MHz; видеоадаптер Intel Graphics; экран 15.6"" TN 1366x768; оперативная память 8 GB DDR4; накопитель HDD 1000 GB; DVDRW нет; вес...            ",31410 сом,https://www.kivano.kg/images/product/97826/1631702223_11631800.jpg
Ноутбук Lenovo Ideapad V14 Intel Celeron N4020 4GB DDR4 256GB SSD DOS Iron Gray,"



        Операционная система DOS; процессор Intel Celeron N4020 (2/2) 1100 - 2800 MHz; видеоадаптер Intel Graphics; экран 14"" TN 1366x768; оперативная память 4 GB DDR4; накопитель SSD 256 GB; DVDRW нет;...            ",25520 сом,https://www.kivano.kg/images/product/104482/1647666722_78236500.jpg
Ноутбук Lenovo Ideapad 15ADA05 AMD Ryzen 3 3250U 8GB DDR4 500GB HDD + 128GB SSD DOS Black,"



        Операционная система DOS; процессор AMD Ryzen 3 3250U (2/4) 2600 - 3500 MHz; видеоадаптер Radeon Vega; экран 15.6"" TN 1366x768; оперативная память 8 GB DDR4; накопитель HDD 500 GB +...            ",38180 сом,https://www.kivano.kg/images/product/104994/1648672906_60064900.jpg
Ноутбук Acer Extensa EX215-52-38SC Intel Core i3-1005G1 4GB DDR4 500GB HDD + 128GB SSD FHD DOS Black,"



        Операционная система DOS; процессор Intel Core i3-1005G1 (2/4) 1200-3400 MHz; оперативная память 4GB DDR4; накопитель 500GB HDD + 128GB SSD; экран 15.6"" TN 1920x1080; видеоадаптер Intel Graphics             ",36160 сом,https://www.kivano.kg/images/product/107554/1655374693_99918300.jpg
Ноутбук Acer Extensa EX214 Intel Core i5-1135G7 8GB DDR 128GB SSD Intel Iris Xe Graphics FHD DOS серый,"



        Тип: ноутбук; Операционная система: DOS; Процессор: Intel Core i5-1135G7; Разрешение экрана: 1920x1080 Full HD; Видеоконтроллер: Intel Iris Xe Graphics; Объем оперативной памяти: 8 Gb DDR; Объем накопителя SSD: 128 Gb; Вес: от 1.7 кг            ",54830 сом,https://www.kivano.kg/images/product/107810/1655975513_00696400.jpg
Ноутбук Acer A315-34 Intel Pentium N5030 4GB DDR4 128GB SSD DOS,"



        Операционная система DOS; процессор Intel Pentium (4/4) 1100 - 3100 MHz; видеоадаптер Intel Graphics; экран 15.6"" TN 1366x768; оперативная память 4 GB DDR4; накопитель SSD 128 GB; DVDRW нет; вес...            ",29830 сом,https://www.kivano.kg/images/product/97827/1631702234_29144000.jpg
Ноутбук Lenovo Ideapad 15ADA05 AMD Ryzen 3 3250U 4GB DDR4 500GB HDD + 256GB SSD DOS Black,"



        Операционная система DOS; процессор AMD Ryzen 3 3250U (2/4) 2600 - 3500 MHz; видеоадаптер Radeon Vega; экран 15.6"" TN 1366x768; оперативная память 4 GB DDR4; накопитель HDD 500 GB +...            ",37310 сом,https://www.kivano.kg/images/product/104995/1648672918_76368000.jpg
Ноутбук Acer Extensa EX215-52-38SC Intel Core i3-1005G1 8GB DDR4 500GB HDD + 128GB SSD FHD DOS Black,"



        Операционная система DOS; процессор Intel Core i3-1005G1 (2/4) 1200-3400 MHz; оперативная память 8GB DDR4; накопитель 500GB HDD + 128GB SSD; экран 15.6"" TN 1920x1080; видеоадаптер Intel Graphics             ",37650 сом,https://www.kivano.kg/images/product/107555/1655374720_77724700.jpg
Ноутбук Acer Extensa EX214 Intel Core i5-1135G7 8GB DDR 1000GB HDD + 256GB SSD Intel Iris Xe Graphics FHD DOS серый,"



        Тип: ноутбук; Операционная система: DOS; Процессор: Intel Core i5-1135G7; Разрешение экрана: 1920x1080 Full HD; Видеоконтроллер: Intel Iris Xe Graphics; Объем оперативной памяти: 8 Gb DDR; Объем накопителя HDD: 1000 Gb; Объем накопителя SSD: 256 Gb; Вес: от 1.7...            ",58330 сом,https://www.kivano.kg/images/product/107811/1655975633_29104900.jpg
Ноутбук Acer A315-34 Intel Pentium N5030 8GB DDR4 128GB SSD DOS,"



        Операционная система DOS; процессор Intel Pentium (4/4) 1100 - 3100 MHz; видеоадаптер Intel Graphics; экран 15.6"" TN 1366x768; оперативная память 8 GB DDR4; накопитель SSD 128 GB; DVDRW нет; вес...            ",32290 сом,https://www.kivano.kg/images/product/97828/1631702246_18528600.jpg
Ноутбук Lenovo V14-82C2 Intel Celeron N4020 4GB DDR 480GB SSD Intel UHD Graphics 620 HD DOS серый,"



        Тип: ноутбук; Операционная система: DOS; Процессор: Intel Celeron N4020; Разрешение экрана: 1366x768 HD;Графический контроллер: Intel UHD Graphics 620; Объем оперативной памяти: 4 GB DDR; Объем накопителя SSD: 480 GB; Вес: от 1.6 кг            ",28950 сом,https://www.kivano.kg/images/product/101412/1639733056_10441400.png
Ноутбук Lenovo Ideapad 15IGL05 Intel Celeron N4020 4GB DDR4 240GB SSD DOS Platinum Gray,"



        Операционная система DOS; процессор Intel Celeron N4020 (2/2) 1100 - 2800 MHz; видеоадаптер Intel Graphics; экран 15.6"" TN 1366x768; оперативная память 4 GB DDR4; накопитель SSD 240 GB; DVDRW нет;...            ",26410 сом,https://www.kivano.kg/images/product/104484/1647671809_19449300.jpg
Ноутбук Lenovo Ideapad 15ADA05 AMD Ryzen 3 3250U 8GB DDR4 500GB HDD + 256GB SSD DOS Black,"



        Операционная система DOS; процессор AMD Ryzen 3 3250U (2/4) 2600 - 3500 MHz; видеоадаптер Radeon Vega; экран 15.6"" TN 1366x768; оперативная память 8 GB DDR4; накопитель HDD 500 GB +...            ",39060 сом,https://www.kivano.kg/images/product/104996/1648672929_59900400.jpg
Ноутбук Acer Extensa EX215-52-38SC Intel Core i3-1005G1 4GB DDR4 500GB HDD + 256GB SSD FHD DOS Black,"



        Операционная система DOS; процессор Intel Core i3-1005G1 (2/4) 1200-3400 MHz; оперативная память 4GB DDR4; накопитель 500GB HDD + 256GB SSD; экран 15.6"" TN 1920x1080; видеоадаптер Intel Graphics             ",36600 сом,https://www.kivano.kg/images/product/107556/1655374740_95899200.jpg
Ноутбук Acer Extensa EX214 Intel Core i5-1135G7 8GB DDR 500GB HDD + 256GB SSD Intel Iris Xe Graphics FHD DOS серый,"



        Тип: ноутбук; Операционная система: DOS; Процессор: Intel Core i5-1135G7; Разрешение экрана: 1920x1080 Full HD; Видеоконтроллер: Intel Iris Xe Graphics; Объем оперативной памяти: 8 Gb DDR; Объем накопителя HDD: 500 Gb; Объем накопителя SSD: 256 Gb; Вес: от 1.7...            ",57640 сом,https://www.kivano.kg/images/product/107812/1655978686_65503800.jpg
Ноутбук Acer A315-34 Intel Pentium N5030 4GB DDR4 256GB SSD DOS,"



        Операционная система DOS; процессор Intel Pentium (4/4) 1100 - 3100 MHz; видеоадаптер Intel Graphics; экран 15.6"" TN 1366x768; оперативная память 4 GB DDR4; накопитель SSD 256 GB; DVDRW нет; вес...            ",30710 сом,https://www.kivano.kg/images/product/97829/1631702258_45225100.jpg
Ноутбук Asus X543MA-DM1140 Intel Pentium N5030 4GB DDR4 128GB SSD Intel UHD Graphics 605 FHD DOS серый,"



        Тип: ноутбук; Операционная система: DOS; Процессор: Intel Pentium N5030; Разрешение экрана: 1920x1080 Full HD; Графический контроллер: Intel UHD Graphics 605; Объем оперативной памяти: 4 GB DDR4; Объем накопителя SSD: 128 GB; Вес: от 1.9 кг            ",38620 сом,https://www.kivano.kg/images/product/103717/1645777693_21137300.jpg
Ноутбук Lenovo Ideapad 15IGL05 Intel Celeron N4020 4GB DDR4 500GB SSD DOS Platinum Gray,"



        Операционная система DOS; процессор Intel Celeron N4020 (2/2) 1100 - 2800 MHz; видеоадаптер Intel Graphics; экран 15.6"" TN 1366x768; оперативная память 4 GB DDR4; накопитель SSD 500 GB; DVDRW нет;...            ",27190 сом,https://www.kivano.kg/images/product/104485/1647671817_80632300.jpg
Ноутбук Lenovo Ideapad 15ADA05 AMD Ryzen 3 3250U 4GB DDR4 1000GB HDD + 128GB SSD DOS Black,"



        Операционная система DOS; процессор AMD Ryzen 3 3250U (2/4) 2600 - 3500 MHz; видеоадаптер Radeon Vega; экран 15.6"" TN 1366x768; оперативная память 4 GB DDR4; накопитель HDD 1000 GB +...            ",36600 сом,https://www.kivano.kg/images/product/104997/1648672941_29393000.jpg
Ноутбук Acer Extensa EX215-52-38SC Intel Core i3-1005G1 8GB DDR4 500GB HDD + 256GB SSD FHD DOS Black,"



        Операционная система DOS; процессор Intel Core i3-1005G1 (2/4) 1200-3400 MHz; оперативная память 8GB DDR4; накопитель 500GB HDD + 256GB SSD; экран 15.6"" TN 1920x1080; видеоадаптер Intel Graphics             ",38100 сом,https://www.kivano.kg/images/product/107557/1655374777_15367800.jpg
Ноутбук Acer Extensa EX214 Intel Core i5-1135G7 8GB DDR 256GB SSD Intel Iris Xe Graphics FHD DOS серый,"



        Тип: ноутбук; Операционная система: DOS; Процессор: Intel Core i5-1135G7; Разрешение экрана: 1920x1080 Full HD; Видеоконтроллер: Intel Iris Xe Graphics; Объем оперативной памяти: 8 Gb DDR;  Объем накопителя SSD: 256 Gb; Вес: от 1.7 кг            ",56140 сом,https://www.kivano.kg/images/product/107813/1655978772_78109700.jpg
Ноутбук Acer A315-34 Intel Pentium N5030 8GB DDR4 256GB SSD DOS,"



        Операционная система DOS; процессор Intel Pentium (4/4) 1100 - 3100 MHz; видеоадаптер Intel Graphics; экран 15.6"" TN 1366x768; оперативная память 8 GB DDR4; накопитель SSD 256 GB; DVDRW нет; вес...            ",32730 сом,https://www.kivano.kg/images/product/97830/1631702270_43545500.jpg
Ноутбук Lenovo Ideapad 15IGL05 Intel Celeron N4020 4GB DDR4 500GB HDD + 120GB SSD DOS Platinum Gray,"



        Операционная система DOS; процессор Intel Celeron N4020 (2/2) 1100 - 2800 MHz; видеоадаптер Intel Graphics; экран 15.6"" TN 1366x768; оперативная память 4 GB DDR4; накопитель HDD 500 GB + SSD...            ",26410 сом,https://www.kivano.kg/images/product/104486/1647671826_83880100.jpg
Ноутбук Lenovo Ideapad 15ADA05 AMD Ryzen 3 3250U 8GB DDR4 1000GB HDD + 128GB SSD DOS Black,"



        Операционная система DOS; процессор AMD Ryzen 3 3250U (2/4) 2600 - 3500 MHz; видеоадаптер Radeon Vega; экран 15.6"" TN 1366x768; оперативная память 8 GB DDR4; накопитель HDD 1000 GB +...            ",38350 сом,https://www.kivano.kg/images/product/104998/1648672957_02606700.jpg
Ноутбук Acer Extensa EX214 Intel Core i5-1135G7 8GB DDR 1000GB HDD + 512GB SSD Intel Iris Xe Graphics FHD W11 серый,"



        Тип: ноутбук; Операционная система: W11 ; Процессор: Intel Core i5-1135G7; Разрешение экрана: 1920x1080 Full HD; Видеоконтроллер: Intel Iris Xe Graphics; Объем оперативной памяти: 8 Gb DDR; Объем накопителя HDD: 1000 Gb; Объем накопителя SSD: 512 Gb; Вес: от 1.7...            ",60950 сом,https://www.kivano.kg/images/product/107814/1655978873_42166300.jpg
Ноутбук Acer A315-34 Intel Pentium N5030 4GB DDR4 512GB SSD DOS,"



        Операционная система DOS; процессор Intel Pentium (4/4) 1100 - 3100 MHz; видеоадаптер Intel Graphics; экран 15.6"" TN 1366x768; оперативная память 4 GB DDR4; накопитель SSD 512 GB; DVDRW нет; вес...            ",32910 сом,https://www.kivano.kg/images/product/97831/1631702287_25770100.jpg
Ноутбук Lenovo Ideapad 15ADA05 AMD Ryzen 3 3250U 12GB DDR4 1000GB HDD + 128GB SSD DOS Black,"



        Операционная система DOS; процессор AMD Ryzen 3 3250U (2/4) 2600 - 3500 MHz; видеоадаптер Radeon Vega; экран 15.6"" TN 1366x768; оперативная память 12 GB DDR4; накопитель HDD 1000 GB +...            ",40110 сом,https://www.kivano.kg/images/product/104999/1648672966_26119200.jpg
Ноутбук Acer Extensa EX215-52-38SC Intel Core i3-1005G1 4GB DDR4 500GB HDD FHD DOS Black,"



        Операционная система DOS; процессор Intel Core i3-1005G1 (2/4) 1200-3400 MHz; оперативная память 4GB DDR4; накопитель 500GB HDD; экран 15.6"" TN 1920x1080; видеоадаптер Intel Graphics             ",34840 сом,https://www.kivano.kg/images/product/107559/1655375166_14328200.jpg
Ноутбук Acer Extensa EX214 Intel Core i5-1135G7 8GB DDR 500GB HDD + 512GB SSD Intel Iris Xe Graphics FHD W11 серый,"



        Тип: ноутбук; Операционная система: W11 ; Процессор: Intel Core i5-1135G7; Разрешение экрана: 1920x1080 Full HD; Видеоконтроллер: Intel Iris Xe Graphics; Объем оперативной памяти: 8 Gb DDR; Объем накопителя HDD: 500 Gb; Объем накопителя SSD: 512 Gb; Вес: от 1.7...            ",60250 сом,https://www.kivano.kg/images/product/107815/1655979006_75311400.jpg
Ноутбук Acer A315-34 Intel Pentium N5030 8GB DDR4 512GB SSD DOS,"



        Операционная система DOS; процессор Intel Pentium (4/4) 1100 - 3100 MHz; видеоадаптер Intel Graphics; экран 15.6"" TN 1366x768; оперативная память 8 GB DDR4; накопитель SSD 512 GB; DVDRW нет; вес...            ",34670 сом,https://www.kivano.kg/images/product/97832/1631702302_04912400.jpg
Ноутбук Lenovo IdeaPad 3 15ITL6 Intel Core i7-1165G7 12GB DDR 1000GB HDD Nvidia MX450 2GB FHD DOS серый,"



        Тип: ноутбук; Операционная система: DOS; Процессор: Intel Core i7-1165G7 ; Разрешение экрана: 1920x1080 Full HD; Графический контроллер: Nvidia MX450; Объем оперативной памяти: 12 GB DDR4; Объем накопителя HDD: 1000 GB; Вес: от 1.65 кг            ",66200 сом,https://www.kivano.kg/images/product/102696/1642654315_98322300.png
Ноутбук Lenovo Ideapad 15IGL05 Intel Celeron N4020 4GB DDR4 1000GB HDD + 120GB SSD DOS Platinum Gray,"



        Операционная система DOS; процессор Intel Celeron N4020 (2/2) 1100 - 2800 MHz; видеоадаптер Intel Graphics; экран 15.6"" TN 1366x768; оперативная память 4 GB DDR4; накопитель HDD 1000 GB + SSD...            ",27190 сом,https://www.kivano.kg/images/product/104488/1647671845_77411200.jpg
Ноутбук Lenovo Ideapad 15ADA05 AMD Ryzen 3 3250U 4GB DDR4 1000GB HDD + 256GB SSD DOS Black,"



        Операционная система DOS; процессор AMD Ryzen 3 3250U (2/4) 2600 - 3500 MHz; видеоадаптер Radeon Vega; экран 15.6"" TN 1366x768; оперативная память 4 GB DDR4; накопитель HDD 1000 GB +...            ",37480 сом,https://www.kivano.kg/images/product/105000/1648672976_41641700.jpg
Ноутбук Acer Extensa EX215-52-38SC Intel Core i3-1005G1 8GB DDR4 500GB HDD FHD DOS Black,"



        Операционная система DOS; процессор Intel Core i3-1005G1 (2/4) 1200-3400 MHz; оперативная память 8GB DDR4; накопитель 500GB HDD; экран 15.6"" TN 1920x1080; видеоадаптер Intel Graphics             ",36330 сом,https://www.kivano.kg/images/product/107560/1655375172_22004500.jpg
Ноутбук Acer Extensa EX214 Intel Core i5-1135G7 8GB DDR 512GB SSD Intel Iris Xe Graphics FHD W11 серый,"



        Тип: ноутбук; Операционная система: W11; Процессор: Intel Core i5-1135G7; Разрешение экрана: 1920x1080 Full HD; Видеоконтроллер: Intel Iris Xe Graphics; Объем оперативной памяти: 8 Gb DDR; Объем накопителя SSD: 512 Gb; Вес: от 1.7 кг            ",58770 сом,https://www.kivano.kg/images/product/107816/1655979097_15015500.jpg
Ноутбук Acer A315-34 Intel Pentium N5030 4GB DDR4 500GB HDD + 128GB SSD DOS,"



        Операционная система DOS; процессор Intel Pentium (4/4) 1100 - 3100 MHz; видеоадаптер Intel Graphics; экран 15.6"" TN 1366x768; оперативная память 4 GB DDR4; накопитель HDD 500 GB + SSD 128...            ",33350 сом,https://www.kivano.kg/images/product/97833/1631703193_17186800.jpg
Ноутбук Lenovo Ideapad 15IGL05 Intel Celeron N4020 4GB DDR4 1000GB HDD + 240GB SSD DOS Platinum Gray,"



        Операционная система DOS; процессор Intel Celeron N4020 (2/2) 1100 - 2800 MHz; видеоадаптер Intel Graphics; экран 15.6"" TN 1366x768; оперативная память 4 GB DDR4; накопитель HDD 1000 GB + SSD...            ",27370 сом,https://www.kivano.kg/images/product/104489/1647671856_36375900.jpg
Ноутбук Lenovo Ideapad 15ADA05 AMD Ryzen 3 3250U 8GB DDR4 1000GB HDD + 256GB SSD DOS Black,"



        Операционная система DOS; процессор AMD Ryzen 3 3250U (2/4) 2600 - 3500 MHz; видеоадаптер Radeon Vega; экран 15.6"" TN 1366x768; оперативная память 8 GB DDR4; накопитель HDD 1000 GB +...            ",39230 сом,https://www.kivano.kg/images/product/105001/1648672987_59143900.jpg
Ноутбук HP Envy x360 13m-bd1033dx Intel Core i7-1195G7 8GB DDR 512GB SSD Intel Iris Xe Graphics FHD W11 серебристый,"



        Тип: ноутбук; Операционная система: Windows 11; Процессор: Intel Core i7-1195G7; Разрешение экрана: 1920x1080 Full HD; Видеоконтроллер: Intel Iris Xe Graphics; Объем оперативной памяти: 8 Gb DDR; Объем накопителя SSD: 512 Gb; Вес: от 1.32 кг            ",92390 сом,https://www.kivano.kg/images/product/107817/1655979702_93394900.jpg
Ноутбук Acer A315-34 Intel Pentium N5030 4GB DDR4 1000GB HDD + 128GB SSD DOS,"



        Операционная система DOS; процессор Intel Pentium (4/4) 1100 - 3100 MHz; видеоадаптер Intel Graphics; экран 15.6"" TN 1366x768; оперативная память 4 GB DDR4; накопитель HDD 1000 GB + SSD 128...            ",33520 сом,https://www.kivano.kg/images/product/97834/1631703205_47578000.jpg
Ноутбук Lenovo V15-82C3 Intel Celeron N4020 4GB DDR 1000GB HDD Intel UHD Graphics 620 HD DOS серый,"



        Тип: ноутбук; Операционная система: DOS; Процессор: Intel Celeron N4020; Разрешение экрана: 1366x768 HD; Графический контроллер: Intel UHD Graphics 620; Объем оперативной памяти: 4 GB DDR; Объем накопителя HDD: 1000 GB; Вес: от 1.8 кг            ",27630 сом,https://www.kivano.kg/images/product/101418/1639734393_93455300.png
Ноутбук Lenovo Ideapad 15ADA05 AMD Ryzen 3 3250U 12GB DDR4 1000GB HDD + 256GB SSD DOS Black,"



        Операционная система DOS; процессор AMD Ryzen 3 3250U (2/4) 2600 - 3500 MHz; видеоадаптер Radeon Vega; экран 15.6"" TN 1366x768; оперативная память 12 GB DDR4; накопитель HDD 1000 GB +...            ",40990 сом,https://www.kivano.kg/images/product/105002/1648672998_39523700.jpg
Ноутбук Acer Extensa EX215-52-38SC Intel Core i3-1005G1 4GB DDR4 120GB SSD FHD DOS Black,"



        Операционная система DOS; процессор Intel Core i3-1005G1 (2/4) 1200-3400 MHz; оперативная память 4GB DDR4; накопитель 120GB SSD; экран 15.6"" TN 1920x1080; видеоадаптер Intel Graphics             ",34490 сом,https://www.kivano.kg/images/product/107562/1655376801_60669500.jpg
Ноутбук HP 250 G7 1F3J3EA#ACB Intel Celeron N4020 4GB DDR4 1000GB HDD Intel UHD Graphics 620 FHD DOS черный,"



        Тип: ноутбук; Операционная система: DOS; Процессор: Intel Celeron N4020; Разрешение экрана: 1920x1080 Full HD; Графический контроллер: Intel UHD Graphics 620; Объем оперативной памяти: 4 Gb DDR; Объем накопителя HDD: 1000 Gb; Вес: от 1.78 кг            ",27900 сом,https://www.kivano.kg/images/product/91691/1619689592_71136600.jpg
Ноутбук Acer A315-34 Intel Pentium N5030 4GB DDR4 500GB HDD + 256GB SSD DOS,"



        Операционная система DOS; процессор Intel Pentium (4/4) 1100 - 3100 MHz; видеоадаптер Intel Graphics; экран 15.6"" TN 1366x768; оперативная память 4 GB DDR4; накопитель HDD 500 GB + SSD 256...            ",34050 сом,https://www.kivano.kg/images/product/97835/1631703217_20666500.jpg
Ноутбук Lenovo Ideapad 15ADA05 AMD Ryzen 3 3250U 8GB DDR4 1000GB HDD + 512GB SSD DOS Black,"



        Операционная система DOS; процессор AMD Ryzen 3 3250U (2/4) 2600 - 3500 MHz; видеоадаптер Radeon Vega; экран 15.6"" TN 1366x768; оперативная память 8 GB DDR4; накопитель HDD 1000 GB +...            ",41250 сом,https://www.kivano.kg/images/product/105003/1648673017_63474200.jpg
Ноутбук Lenovo Ideapad L3-15ITL6 Intel Core i5-1135G7 12GB DDR 128GB SSD Intel Iris Xe Graphics G7 FHD DOS серый,"



        Тип: ноутбук; Операционная система: DOS; Процессор: Intel Core i5-1135G7; Разрешение экрана: 1920x1080 Full HD; Видеоконтроллер: Intel Iris Xe Graphics; Объем оперативной памяти: 12 Gb DDR; Объем накопителя SSD: 128 Gb;Вес: от 1.65 кг            ",56140 сом,https://www.kivano.kg/images/product/106027/1651642754_51996300.jpg
Ноутбук Acer Extensa EX215-52-38SC Intel Core i3-1005G1 4GB DDR4 128GB SSD FHD DOS Black,"



        Операционная система DOS; процессор Intel Core i3-1005G1 (2/4) 1200-3400 MHz; оперативная память 4GB DDR4; накопитель 128GB SSD; экран 15.6"" TN 1920x1080; видеоадаптер Intel Graphics             ",34750 сом,https://www.kivano.kg/images/product/107563/1655376810_25843800.jpg
Ноутбук Acer A315-34 Intel Pentium N5030 4GB DDR4 1000GB HDD + 256GB SSD DOS,"



        Операционная система DOS; процессор Intel Pentium (4/4) 1100 - 3100 MHz; видеоадаптер Intel Graphics; экран 15.6"" TN 1366x768; оперативная память 4 GB DDR4; накопитель HDD 1000 GB + SSD 256...            ",34230 сом,https://www.kivano.kg/images/product/97836/1631703227_66431800.jpg
Ноутбук Lenovo Ideapad L3-15ITL6 Intel Core i5-1135G7 12GB DDR 256GB SSD Intel Iris Xe Graphics G7 FHD DOS серый,"



        Тип: ноутбук; Операционная система: DOS; Процессор: Intel Core i5-1135G7; Разрешение экрана: 1920x1080 Full HD; Видеоконтроллер: Intel Iris Xe Graphics; Объем оперативной памяти: 12 Gb DDR; Объем накопителя SSD: 256 Gb;Вес: от 1.65 кг            ",57020 сом,https://www.kivano.kg/images/product/106028/1651642885_34345200.jpg
Ноутбук Acer Extensa EX215-52-38SC Intel Core i3-1005G1 8GB DDR4 128GB SSD FHD DOS Black,"



        Операционная система DOS; процессор Intel Core i3-1005G1 (2/4) 1200-3400 MHz; оперативная память 8GB DDR4; накопитель 128GB SSD; экран 15.6"" TN 1920x1080; видеоадаптер Intel Graphics             ",36250 сом,https://www.kivano.kg/images/product/107564/1655376816_03162900.jpg
Ноутбук Acer A315-34 Intel Pentium N5030 8GB DDR4 500GB HDD + 128GB SSD DOS,"



        Операционная система DOS; процессор Intel Pentium (4/4) 1100 - 3100 MHz; видеоадаптер Intel Graphics; экран 15.6"" TN 1366x768; оперативная память 8 GB DDR4; накопитель HDD 500 GB + SSD 128...            ",35100 сом,https://www.kivano.kg/images/product/97837/1631703244_99590900.jpg
Ноутбук HP 250 G8 27K00EA#ACB Intel Core i5-1035G1 8GB DDR4 256GB SSD Intel UHD Graphics G1 FHD DOS серебро,"



        Тип: ноутбук; Операционная система: DOS; Процессор: Intel Core i5-1035G1; Разрешение экрана: 1920 x 1080 Full HD; Графический контроллер: Intel UHD Graphics G1; Объем оперативной памяти: 8 GB DDR4; Объем накопителя SSD: 256 GB; Вес: от 1.74 кг            ",65760 сом,https://www.kivano.kg/images/product/99117/1633761331_10623400.jpg
Ноутбук Lenovo V15-82C3 Intel Celeron N4020 4GB DDR 480GB SSD Intel UHD Graphics 620 HD DOS серый,"



        Тип: ноутбук; Операционная система: DOS; Процессор: Intel Celeron N4020; Разрешение экрана: 1366x768 HD; Графический контроллер: Intel UHD Graphics 620; Объем оперативной памяти: 4 GB DDR; Объем накопителя SSD: 480  GB; Вес: от 1.8 кг            ",29830 сом,https://www.kivano.kg/images/product/101421/1639734825_45424200.png
Ноутбук Lenovo IdeaPad 3 15ITL6 Intel Core i7-1165G7 20GB DDR 1000GB HDD Nvidia MX450 2GB FHD DOS серый,"



        Тип: ноутбук; Операционная система: DOS; Процессор: Intel Core i7-1165G7 ; Разрешение экрана: 1920x1080 Full HD; Графический контроллер: Nvidia MX450; Объем оперативной памяти: 20 GB DDR4; Объем накопителя HDD: 1000 GB; Вес: от 1.65 кг            ",70130 сом,https://www.kivano.kg/images/product/102701/1642655522_64135900.png
Ноутбук Lenovo IdeaPad Gaming 3 15IHU6 Intel Core i5-11300H 8GB DDR 512GB SSD Nvidia RTX3050 4GB FHD DOS черный,"



        Тип: ноутбук; Операционная система: DOS; Процессор: Intel Core i5-11300H; Разрешение экрана: 1920x1080 Full HD; Графический контроллер: Nvidia RTX3050; Объем оперативной памяти: 8 GB DDR; Объем накопителя SSD: 512 GB; Вес: от 2.3 кг            ",81920 сом,https://www.kivano.kg/images/product/105517/1650430607_06457500.jpg
Ноутбук Lenovo Ideapad L3-15ITL6 Intel Core i5-1135G7 12GB DDR 512GB SSD Intel Iris Xe Graphics G7 FHD DOS серый,"



        Тип: ноутбук; Операционная система: DOS; Процессор: Intel Core i5-1135G7; Разрешение экрана: 1920x1080 Full HD; Видеоконтроллер: Intel Iris Xe Graphics; Объем оперативной памяти: 12 Gb DDR; Объем накопителя SSD: 512 Gb;Вес: от 1.65 кг            ",59200 сом,https://www.kivano.kg/images/product/106029/1651643080_35611300.jpg
Ноутбук Acer Extensa EX215-52-38SC Intel Core i3-1005G1 4GB DDR4 240GB SSD FHD DOS Black,"



        Операционная система DOS; процессор Intel Core i3-1005G1 (2/4) 1200-3400 MHz; оперативная память 4GB DDR4; накопитель 240GB SSD; экран 15.6"" TN 1920x1080; видеоадаптер Intel Graphics             ",34930 сом,https://www.kivano.kg/images/product/107565/1655376823_81807200.jpg
Ноутбук Acer A315-34 Intel Pentium N5030 8GB DDR4 1000GB HDD + 128GB SSD DOS,"



        Операционная система DOS; процессор Intel Pentium (4/4) 1100 - 3100 MHz; видеоадаптер Intel Graphics; экран 15.6"" TN 1366x768; оперативная память 8 GB DDR4; накопитель HDD 1000 GB + SSD 128...            ",33350 сом,https://www.kivano.kg/images/product/97838/1631703261_93349900.jpg
Ноутбук Lenovo Ideapad L3-15ITL6 Intel Core i5-1135G7 20GB DDR 128GB SSD Intel Iris Xe Graphics G7 FHD DOS серый,"



        Тип: ноутбук; Операционная система: DOS; Процессор: Intel Core i5-1135G7; Разрешение экрана: 1920x1080 Full HD; Видеоконтроллер: Intel Iris Xe Graphics; Объем оперативной памяти: 20 Gb DDR; Объем накопителя SSD: 128 Gb;Вес: от 1.65 кг            ",58770 сом,https://www.kivano.kg/images/product/106030/1651643216_38489100.jpg
Ноутбук Acer Extensa EX215-52-38SC Intel Core i3-1005G1 8GB DDR4 240GB SSD FHD DOS Black,"



        Операционная система DOS; процессор Intel Core i3-1005G1 (2/4) 1200-3400 MHz; оперативная память 8GB DDR4; накопитель 240GB SSD; экран 15.6"" TN 1920x1080; видеоадаптер Intel Graphics             ",36420 сом,https://www.kivano.kg/images/product/107566/1655376831_97707600.jpg
Ноутбук Asus Vivobook Pro 14 K3400PA-WH51 Intel Core i5-11300H 8GB DDR 1000GB HDD + 256GB SSD Iris Xe Graphics G7 WQXGA W10 синий,"



        Тип: ноутбук; Операционная система: Windows 10; Процессор: Intel Core i5-11300H; Разрешение экрана: 2880x1800 WQXGA; Графический контроллер: Iris Xe Graphics G7; Объем оперативной памяти: 8 Gb DDR4; Объем накопителя HDD: 1000 Gb; Объем накопителя SSD: 120 Gb; Вес: от...            ",78870 сом,https://www.kivano.kg/images/product/108590/1657702921_08892900.jpg
Ноутбук Acer A315-34 Intel Pentium N5030 8GB DDR4 500GB HDD + 256GB SSD DOS,"



        Операционная система DOS; процессор Intel Pentium (4/4) 1100 - 3100 MHz; видеоадаптер Intel Graphics; экран 15.6"" TN 1366x768; оперативная память 8 GB DDR4; накопитель HDD 500 GB + SSD 256...            ",33870 сом,https://www.kivano.kg/images/product/97839/1631703274_54393800.jpg
Ноутбук Lenovo IdeaPad 3 15IGL05 Intel Celeron N4020 4GB DDR 1000GB HDD Intel UHD Graphics 600 HD DOS серый,"



        Тип: ноутбук; Операционная система: DOS; Процессор: Intel Celeron N4020; Разрешение экрана: 1366x768; Графический контроллер: Intel UHD Graphics 600; Объем оперативной памяти: 4 GB DDR4; Объем накопителя HDD: 1000 GB; Вес: от 1.7 кг            ",22260 сом,https://www.kivano.kg/images/product/98351/1632391925_57661600.jpg
Ноутбук Lenovo Ideapad L3-15ITL6 Intel Core i5-1135G7 20GB DDR 256GB SSD Intel Iris Xe Graphics G7 FHD DOS серый,"



        Тип: ноутбук; Операционная система: DOS; Процессор: Intel Core i5-1135G7; Разрешение экрана: 1920x1080 Full HD; Видеоконтроллер: Intel Iris Xe Graphics; Объем оперативной памяти: 20 Gb DDR; Объем накопителя SSD: 256 Gb;Вес: от 1.65 кг            ",60080 сом,https://www.kivano.kg/images/product/106031/1651643309_10902200.jpg
Ноутбук Acer Extensa EX215-52-38SC Intel Core i3-1005G1 8GB DDR4 256GB SSD FHD DOS Black,"



        Операционная система DOS; процессор Intel Core i3-1005G1 (2/4) 1200-3400 MHz; оперативная память 8GB DDR4; накопитель 256GB SSD; экран 15.6"" TN 1920x1080; видеоадаптер Intel Graphics             ",36680 сом,https://www.kivano.kg/images/product/107567/1655376839_65082000.jpg
Ноутбук Asus Vivobook X412DA AMD Ryzen 3 3250U 4GB DDR4 128GB SSD W10 Slate Gray,"



        Операционная система Windows 10; процессор AMD Ryzen 3 3250U (2/4) 2600-3500 MHz; оперативная память 4GB DDR4; накопитель 128GB SSD; экран 14"" TN 1366x768; видеоадаптер Radeon Graphics             ",39490 сом,https://www.kivano.kg/images/product/108591/1657703136_70623500.png
Ноутбук Lenovo Ideapad 3-15IIL05 Intel Core i3-1005G1 4GB DDR 500GB HDD Intel HD Graphics 620 HD DOS серый,"



        Тип: ноутбук; Операционная система: DOS; Процессор: Intel Core i3-1005G1; Разрешение экрана: 1366x768 HD; Графический контроллер: Intel HD Graphics 620; Объем оперативной памяти: 4 Gb DDR; Объем накопителя HDD: 1000 Gb; Объем накопителя HDD: 500 Gb; Вес: от...            ",36420 сом,https://www.kivano.kg/images/product/97584/1631261065_88229000.jpg
Ноутбук Acer A315-34 Intel Pentium N5030 8GB DDR4 1000GB HDD + 256GB SSD DOS,"



        Операционная система DOS; процессор Intel Pentium (4/4) 1100 - 3100 MHz; видеоадаптер Intel Graphics; экран 15.6"" TN 1366x768; оперативная память 8 GB DDR4; накопитель HDD 1000 GB + SSD 256...            ",35980 сом,https://www.kivano.kg/images/product/97840/1631703285_49008700.jpg
Ноутбук Lenovo Ideapad L3-15ITL6 Intel Core i5-1135G7 20GB DDR 512GB SSD Intel Iris Xe Graphics G7 FHD DOS серый,"



        Тип: ноутбук; Операционная система: DOS; Процессор: Intel Core i5-1135G7; Разрешение экрана: 1920x1080 Full HD; Видеоконтроллер: Intel Iris Xe Graphics; Объем оперативной памяти: 20 Gb DDR; Объем накопителя SSD: 512 Gb;Вес: от 1.65 кг            ",62260 сом,https://www.kivano.kg/images/product/106032/1651643395_87941600.jpg
Ноутбук Acer Extensa EX215-52-38SC Intel Core i3-1005G1 12GB DDR4 256GB SSD FHD DOS Black,"



        Операционная система DOS; процессор Intel Core i3-1005G1 (2/4) 1200-3400 MHz; оперативная память 12GB DDR4; накопитель 256GB SSD; экран 15.6"" TN 1920x1080; видеоадаптер Intel Graphics             ",37740 сом,https://www.kivano.kg/images/product/107568/1655376848_78660100.jpg
Ноутбук Lenovo Ideapad S145-15AST AMD A6-9225 4GB DDR4 500GB HDD AMD Radeon R7 2GB HD черный,"



        Тип: ноутбук; Процессор: AMD A6-9225; Разрешение экрана: 1366x768; Графический контроллер: AMD Radeon R7 Graphics; Объем оперативной памяти: 4 Gb DDR4; Объем накопителя HDD: 500 Gb; Вес: от 1.85 кг            ",36420 сом,https://www.kivano.kg/images/product/83761/1599712319_59019700.png
Ноутбук Asus X540UB Intel Core i3-7020U 8GB DDR 120GB SSD Intel HD Graphics 620 FHD DVDRW серебристый,"



        Тип: ноутбук; Процессор: Intel Core i3-7020U; Разрешение экрана: 1920x1080 FullHD; Графический контроллер: Intel HD Graphics 620; Объем оперативной памяти: 8 Gb DDR4; Объем накопителя SSD: 256 Gb; Вес: от 1.9 кг            ",37210 сом,https://www.kivano.kg/images/product/87345/1608886460_89933000.jpg
Ноутбук Lenovo IdeaPad 3 15IIL05 Intel Core i3-1005G1 8GB DDR4 256GB SSD Intel Graphics 620 HD DOS серый,"



        Операционная система DOS; 2х-ядерный процессор 1.2 ГГц; видеоадаптер встроенный; диагональ экрана 15.6"" TN 1366x768; объем оперативной памяти 8 Гб; накопитель SSD 256 Гб; вес от 1.85 кг            ",40110 сом,https://www.kivano.kg/images/product/97585/1631261651_90829100.jpg
Ноутбук Lenovo Ideapad L3-15ITL6 Intel Core i5-1135G7 4GB DDR 128GB SSD Intel Iris Xe Graphics G7 FHD DOS серый,"



        Тип: ноутбук; Операционная система: DOS; Процессор: Intel Core i5-1135G7; Разрешение экрана: 1920x1080 Full HD; Видеоконтроллер: Intel Iris Xe Graphics; Объем оперативной памяти: 4 Gb DDR; Объем накопителя SSD: 128 Gb;Вес: от 1.65 кг            ",53080 сом,https://www.kivano.kg/images/product/106033/1651644291_35985900.jpg
Ноутбук HP 15s-fq3033nq Intel Pentium N6000 4GB DDR4 256GB SSD W11 Black,"



        Операционная система Windows 11; процессор Intel Pentium N6000 (4/4) 1100-3300 MHz; оперативная память 4 GB DDR4; накопитель 256 GB SSD; экран 15.6"" TN 1366x768; видеоадаптер Intel Graphics            ",31150 сом,https://www.kivano.kg/images/product/106545/1652455488_89939900.jpg
Ноутбук Acer Extensa EX215-52-38SC Intel Core i3-1005G1 4GB DDR4 480GB SSD FHD DOS Black,"



        Операционная система DOS; процессор Intel Core i3-1005G1 (2/4) 1200-3400 MHz; оперативная память 4GB DDR4; накопитель 480GB SSD; экран 15.6"" TN 1920x1080; видеоадаптер Intel Graphics             ",36950 сом,https://www.kivano.kg/images/product/107569/1655376855_99298800.jpg
Ноутбук Lenovo IP3 15IML05 Intel Core i7-10510U 4GB DDR4 1000GB HDD + 128GB SSD NVIDIA MX330 FHD DOS Platinum Gray,"



        Операционная система DOS; процессор Intel Core i7-10510U (4/8) 1800-4900 MHz; оперативная память 4 GB DDR4; накопитель 1000GB HDD + 128GB SSD; экран 15.6"" TN 1920x1080; видеоадаптер NVIDIA MX330            ",64890 сом,https://www.kivano.kg/images/product/108593/1657705646_62573400.jpg
Ноутбук Lenovo Ideapad S145-15AST AMD A6-9225 8GB DDR4 500GB HDD AMD Radeon R7 2GB HD черный,"



        Тип: ноутбук; Процессор: AMD A6-9225; Разрешение экрана: 1366x768; Графический контроллер: AMD Radeon R7 Graphics; Объем оперативной памяти: 8 Gb DDR4; Объем накопителя HDD: 500 Gb; Вес: от 1.85 кг            ",38620 сом,https://www.kivano.kg/images/product/83762/1599712425_97037000.png
Ноутбук Lenovo Ideapad L3-15ITL6 Intel Core i5-1135G7 4GB DDR 256GB SSD Intel Iris Xe Graphics G7 FHD DOS серый,"



        Тип: ноутбук; Операционная система: DOS; Процессор: Intel Core i5-1135G7; Разрешение экрана: 1920x1080 Full HD; Видеоконтроллер: Intel Iris Xe Graphics; Объем оперативной памяти: 4 Gb DDR; Объем накопителя SSD: 256 Gb;Вес: от 1.65 кг            ",53950 сом,https://www.kivano.kg/images/product/106034/1651644374_14348600.jpg
Ноутбук HP 15s-fq3033nq Intel Pentium N6000 8GB DDR4 256GB SSD W11 Black,"



        Операционная система Windows 11; процессор Intel Pentium N6000 (4/4) 1100-3300 MHz; оперативная память 8 GB DDR4; накопитель 256 GB SSD; экран 15.6"" TN 1366x768; видеоадаптер Intel Graphics            ",32560 сом,https://www.kivano.kg/images/product/106546/1652455513_03530200.jpg
Ноутбук Acer Extensa EX215-52-38SC Intel Core i3-1005G1 8GB DDR4 480GB SSD FHD DOS Black,"



        Операционная система DOS; процессор Intel Core i3-1005G1 (2/4) 1200-3400 MHz; оперативная память 8GB DDR4; накопитель 480GB SSD; экран 15.6"" TN 1920x1080; видеоадаптер Intel Graphics             ",38440 сом,https://www.kivano.kg/images/product/107570/1655376863_16131700.jpg
Ноутбук Lenovo Legion 5 17ITH6H Intel Core i7-11800H 16GB DDR 512GB SSD NVIDIA RTX 3060 6GB FHD W11 серый,"



        Тип: ноутбук; Операционная система: Windows 11; Процессор: Intel Core i7-11800H; Разрешение экрана: 1920x1080 Full HD; Видеоконтроллер: Nvidia RTX 3060; Объем оперативной памяти: 16 Gb DDR; Объем накопителя SSD: 512 Gb; Вес: от 2.98 кг            ",143340 сом,https://www.kivano.kg/images/product/107826/1656049680_49928400.jpg
Ноутбук Lenovo IP3 15IML05 Intel Core i7-10510U 4GB DDR4 1000GB HDD + 256GB SSD NVIDIA MX330 FHD DOS Platinum Gray,"



        Операционная система DOS; процессор Intel Core i7-10510U (4/8) 1800-4900 MHz; оперативная память 4 GB DDR4; накопитель 1000GB HDD + 256GB SSD; экран 15.6"" TN 1920x1080; видеоадаптер NVIDIA MX330            ",66640 сом,https://www.kivano.kg/images/product/108594/1657705759_16665800.jpg
Ноутбук Lenovo Ideapad S145-15AST AMD A6-9225 4GB DDR4 128GB SSD AMD Radeon R7 2GB HD черный,"



        Тип: ноутбук; Процессор: AMD A6-9225; Разрешение экрана: 1366x768; Графический контроллер: AMD Radeon R7 Graphics; Объем оперативной памяти: 4 Gb DDR4; Объем накопителя SSD: 128 Gb; Вес: от 1.85 кг            ",36420 сом,https://www.kivano.kg/images/product/83763/1599712560_55165800.png
Ноутбук HP ENVY x360 15-eu0016ur 4E0U9EA#ABA AMD Ryzen 7 5700U 16GB DDR4 1000GB SSD AMD Radeon Graphics 8 FHD WIN10 черный,"



        Тип: ноутбук; Операционная система: Windows 10; Процессор: AMD Ryzen 7 5700U; Разрешение экрана: 1920 x 1080 Full HD; Графический контроллер: AMD Radeon Graphics 8; Объем оперативной памяти: 16 GB DDR4; Объем накопителя SSD: 1000 GB; Вес: от...            ",124630 сом,https://www.kivano.kg/images/product/99123/1633762340_47904600.jpg
Ноутбук Lenovo Ideapad L3-15ITL6 Intel Core i5-1135G7 4GB DDR 512GB SSD Intel Iris Xe Graphics G7 FHD DOS серый,"



        Тип: ноутбук; Операционная система: DOS; Процессор: Intel Core i5-1135G7; Разрешение экрана: 1920x1080 Full HD; Видеоконтроллер: Intel Iris Xe Graphics; Объем оперативной памяти: 4 Gb DDR; Объем накопителя SSD: 512 Gb;Вес: от 1.65 кг            ",56140 сом,https://www.kivano.kg/images/product/106035/1651644461_09571300.jpg
Ноутбук HP 15s-fq3033nq Intel Pentium N6000 16GB DDR4 256GB SSD W11 Black,"



        Операционная система Windows 11; процессор Intel Pentium N6000 (4/4) 1100-3300 MHz; оперативная память 16 GB DDR4; накопитель 256 GB SSD; экран 15.6"" TN 1366x768; видеоадаптер Intel Graphics            ",35890 сом,https://www.kivano.kg/images/product/106547/1652455534_51598400.jpg
Ноутбук Acer Extensa EX215-52-38SC Intel Core i3-1005G1 4GB DDR4 512GB SSD FHD DOS Black,"



        Операционная система DOS; процессор Intel Core i3-1005G1 (2/4) 1200-3400 MHz; оперативная память 4GB DDR4; накопитель 512GB SSD; экран 15.6"" TN 1920x1080; видеоадаптер Intel Graphics             ",37210 сом,https://www.kivano.kg/images/product/107571/1655376870_92473600.jpg
Ноутбук Lenovo IP3 15IML05 Intel Core i7-10510U 20GB DDR4 1000GB HDD + 256GB SSD NVIDIA MX330 FHD DOS Platinum Gray,"



        Операционная система DOS; процессор Intel Core i7-10510U (4/8) 1800-4900 MHz; оперативная память 20 GB DDR4; накопитель 1000GB HDD + 256GB SSD; экран 15.6"" TN 1920x1080; видеоадаптер NVIDIA MX330            ",75370 сом,https://www.kivano.kg/images/product/108595/1657705895_80452600.jpg
Ноутбук Lenovo Ideapad S145-15AST AMD A6-9225 8GB DDR4 128GB SSD AMD Radeon R7 2GB HD черный,"



        Тип: ноутбук; Процессор: AMD A6-9225; Разрешение экрана: 1366x768; Графический контроллер: AMD Radeon R7 Graphics; Объем оперативной памяти: 8 Gb DDR4; Объем накопителя SSD: 128 Gb; Вес: от 1.85 кг            ",38620 сом,https://www.kivano.kg/images/product/83764/1599712678_79247300.png
Ноутбук Lenovo Ideapad L3-15ITL6 Intel Core i5-1135G7 8GB DDR 128GB SSD Intel Iris Xe Graphics G7 FHD DOS серый,"



        Тип: ноутбук; Операционная система: DOS; Процессор: Intel Core i5-1135G7; Разрешение экрана: 1920x1080 Full HD; Видеоконтроллер: Intel Iris Xe Graphics; Объем оперативной памяти: 8 Gb DDR; Объем накопителя SSD: 128 Gb;Вес: от 1.65 кг            ",54390 сом,https://www.kivano.kg/images/product/106036/1651644540_92562400.jpg
Ноутбук HP 15s-fq3033nq Intel Pentium N6000 4GB DDR4 500GB SSD W11 Black,"



        Операционная система Windows 11; процессор Intel Pentium N6000 (4/4) 1100-3300 MHz; оперативная память 4 GB DDR4; накопитель 500 GB SSD; экран 15.6"" TN 1366x768; видеоадаптер Intel Graphics            ",33520 сом,https://www.kivano.kg/images/product/106548/1652455555_67905400.jpg
Ноутбук Acer Extensa EX215-52-38SC Intel Core i3-1005G1 8GB DDR4 512GB SSD FHD DOS Black,"



        Операционная система DOS; процессор Intel Core i3-1005G1 (2/4) 1200-3400 MHz; оперативная память 8GB DDR4; накопитель 512GB SSD; экран 15.6"" TN 1920x1080; видеоадаптер Intel Graphics             ",38700 сом,https://www.kivano.kg/images/product/107572/1655376881_05301900.jpg
Ноутбук Lenovo IP3 15IML05 Intel Core i7-10510U 20GB DDR4 1000GB HDD + 512GB SSD NVIDIA MX330 FHD DOS Platinum Gray,"



        Операционная система DOS; процессор Intel Core i7-10510U (4/8) 1800-4900 MHz; оперативная память 20 GB DDR4; накопитель 1000GB HDD + 512GB SSD; экран 15.6"" TN 1920x1080; видеоадаптер NVIDIA MX330            ",78870 сом,https://www.kivano.kg/images/product/108596/1657706069_13789600.jpg
Ноутбук Lenovo IdeaPad 3 15IIL05 Intel Core i3-1005G1 8GB DDR4 512GB SSD Intel Graphics 620 HD DOS серый,"



        Операционная система DOS; 2х-ядерный процессор 1.2 ГГц; видеоадаптер встроенный; диагональ экрана 15.6"" TN 1366x768; объем оперативной памяти 8 Гб; накопитель SSD 512 Гб; вес от 1.85 кг            ",44050 сом,https://www.kivano.kg/images/product/97589/1631262081_93891200.jpg
Ноутбук Lenovo Ideapad L3-15ITL6 Intel Core i5-1135G7 8GB DDR 256GB SSD Intel Iris Xe Graphics G7 FHD DOS серый,"



        Тип: ноутбук; Операционная система: DOS; Процессор: Intel Core i5-1135G7; Разрешение экрана: 1920x1080 Full HD; Видеоконтроллер: Intel Iris Xe Graphics; Объем оперативной памяти: 8 Gb DDR; Объем накопителя SSD: 256 Gb;Вес: от 1.65 кг            ",55270 сом,https://www.kivano.kg/images/product/106037/1651644620_65148800.jpg
Ноутбук HP 15s-fq3033nq Intel Pentium N6000 8GB DDR4 500GB SSD W11 Black,"



        Операционная система Windows 11; процессор Intel Pentium N6000 (4/4) 1100-3300 MHz; оперативная память 8 GB DDR4; накопитель 500 GB SSD; экран 15.6"" TN 1366x768; видеоадаптер Intel Graphics            ",34840 сом,https://www.kivano.kg/images/product/106549/1652455576_20448600.jpg
Ноутбук Acer Extensa EX215-52-38SC Intel Core i3-1005G1 12GB DDR4 512GB SSD FHD DOS Black,"



        Операционная система DOS; процессор Intel Core i3-1005G1 (2/4) 1200-3400 MHz; оперативная память 12GB DDR4; накопитель 512GB SSD; экран 15.6"" TN 1920x1080; видеоадаптер Intel Graphics             ",40200 сом,https://www.kivano.kg/images/product/107573/1655376889_17538300.jpg
Ноутбук Lenovo IdeaPad Gaming 3 15IHU6 Intel Core i5-11300H 8GB DDR 256GB SSD Nvidia GTX1650 4GB FHD W11 черный,"



        Тип: ноутбук; Операционная система: Windows 11; Процессор: Intel Core i5-11300H; Разрешение экрана: 1920x1080 Full HD; Видеоконтроллер: Nvidia GTX 1650; Объем оперативной памяти: 8 Gb DDR; Объем накопителя SSD: 256 Gb; Вес: от 2.25 кг            ",69000 сом,https://www.kivano.kg/images/product/107829/1656050985_41932000.jpg
Ноутбук Lenovo IP3 15IML05 Intel Core i7-10510U 20GB DDR4 1000GB HDD + 128GB SSD NVIDIA MX330 FHD DOS Platinum Gray,"



        Операционная система DOS; процессор Intel Core i7-10510U (4/8) 1800-4900 MHz; оперативная память 20 GB DDR4; накопитель 1000GB HDD + 128GB SSD; экран 15.6"" TN 1920x1080; видеоадаптер NVIDIA MX330            ",73630 сом,https://www.kivano.kg/images/product/108597/1657706184_63527200.jpg
Ноутбук Lenovo Ideapad L3-15ITL6 Intel Core i5-1135G7 8GB DDR 512GB SSD Intel Iris Xe Graphics G7 FHD DOS серый,"



        Тип: ноутбук; Операционная система: DOS; Процессор: Intel Core i5-1135G7; Разрешение экрана: 1920x1080 Full HD; Видеоконтроллер: Intel Iris Xe Graphics; Объем оперативной памяти: 8 Gb DDR; Объем накопителя SSD: 512 Gb;Вес: от 1.65 кг            ",57450 сом,https://www.kivano.kg/images/product/106038/1651644703_66575200.jpg
Ноутбук HP 15s-fq3033nq Intel Pentium N6000 16GB DDR4 500GB SSD W11 Black,"



        Операционная система Windows 11; процессор Intel Pentium N6000 (4/4) 1100-3300 MHz; оперативная память 16 GB DDR4; накопитель 500 GB SSD; экран 15.6"" TN 1366x768; видеоадаптер Intel Graphics            ",38270 сом,https://www.kivano.kg/images/product/106550/1652455597_60426000.jpg
Ноутбук Lenovo IP3 15IML05 Intel Core i7-10510U 8GB DDR4 1000GB HDD + 512GB SSD NVIDIA MX330 FHD DOS Platinum Gray,"



        Операционная система DOS; процессор Intel Core i7-10510U (4/8) 1800-4900 MHz; оперативная память 8GB DDR4; накопитель 1000GB HDD + 512GB SSD; экран 15.6"" TN 1920x1080; видеоадаптер NVIDIA MX330            ",72750 сом,https://www.kivano.kg/images/product/108598/1657706482_70936000.jpg
Ноутбук Lenovo Ideapad S145-15AST AMD A6-9225 4GB DDR4 1000GB HDD + 256GB SSD AMD Radeon R7 2GB HD черный,"



        Тип: ноутбук; Процессор: AMD A6-9225; Разрешение экрана: 1366x768; Графический контроллер: AMD Radeon R7 Graphics; Объем оперативной памяти: 4 Gb DDR4;Объем накопителя HDD: 1000 Gb; Объем накопителя SSD: 256 Gb; Вес: от 1.85 кг            ",41250 сом,https://www.kivano.kg/images/product/83767/1599713072_52330800.png
Ноутбук HP 255 G8 AMD Ryzen 3 3250U 4GB DDR4 500GB HDD DOS Silver,"



        Операционная система DOS; процессор AMD Ryzen 3 3250U (2/4) 2600-3500 MHz; оперативная память 4 GB DDR4; накопитель 500 GB HDD; экран 15.6"" SVA 1366x768; видеоадаптер Radeon Graphics            ",36860 сом,https://www.kivano.kg/images/product/106039/1651645210_11992500.png
Ноутбук Lenovo IP Gaming 3 15ACH6 AMD Ryzen 5 5600H 8GB DDR4 1000GB HDD + 128GB SSD FHD NVIDIA RTX3050 DOS Black,"



        Операционная система DOS; процессор AMD Ryzen 5 5600H (6/12) 3300-4200 MHz; оперативная память 8 GB DDR4; накопитель 1000 GB HDD + 128 GB SSD; экран 15.6"" IPS 1920x1080~120 Гц; видеоадаптер...            ",81320 сом,https://www.kivano.kg/images/product/106551/1652457350_70289600.jpg
Ноутбук Lenovo IP3 15IML05 Intel Core i7-10510U 12GB DDR4 1000GB HDD + 512GB SSD NVIDIA MX330 FHD DOS Platinum Gray,"



        Операционная система DOS; процессор Intel Core i7-10510U (4/8) 1800-4900 MHz; оперативная память 12GB DDR4; накопитель 1000GB HDD + 512GB SSD; экран 15.6"" TN 1920x1080; видеоадаптер NVIDIA MX330            ",75370 сом,https://www.kivano.kg/images/product/108599/1657706680_79923500.jpg
